phase,url,primary_topic,primary_entity,search_intent,primary_query_theme,secondary_queries,related_entities,relevant_questions,competing_internal_url,content_gap,recommended_action
after,https://kujolang.ai/ecosystem/,Kujo project ecosystem,Kujo ecosystem,navigational/informational,Kujo ecosystem,"Kujo tools; Kujo applications; Kujo skills","Primitives; Tooling; Showcase",What projects are available in the Kujo ecosystem?,,No measured query evidence,Measure discovery and refine only from observed queries
after,https://kujolang.ai/ecosystem/tooling/,Kujo operational tools,Kujo Tooling,navigational/informational,Kujo developer tools,"local-first AI tools; publishing workflow tools; agent evidence tools","AssetWorks; BluePencil; StoryDesk",Which Kujo tool fits a publishing workflow?,https://kujolang.ai/ecosystem/,No measured query evidence,Measure discovery and refine only from observed queries
after,https://kujolang.ai/ecosystem/assetworks/,media asset provenance,AssetWorks,technical adoption,AssetWorks media production ledger,"asset provenance ledger; accessibility artifact workflow","Dossier; GalleyPack",How does AssetWorks track media provenance?,https://kujolang.ai/ecosystem/tooling/,No measured query evidence,Preserve repository-grounded terminology
after,https://kujolang.ai/ecosystem/bluepencil/,editorial review calibration,BluePencil,technical adoption,BluePencil editorial review,"structured editorial verdicts; independent review evidence","StoryDesk; VersionSeal",How does BluePencil preserve independent review?,https://kujolang.ai/ecosystem/tooling/,No measured query evidence,Preserve repository-grounded terminology
after,https://kujolang.ai/ecosystem/dossier/,publishing evidence ledger,Dossier,technical adoption,Dossier source evidence,"claim source ledger; quotation consent rights","AssetWorks; BluePencil",How does Dossier track claims and source rights?,https://kujolang.ai/ecosystem/tooling/,No measured query evidence,Preserve repository-grounded terminology
after,https://kujolang.ai/ecosystem/galleypack/,editorial production packaging,GalleyPack,technical adoption,GalleyPack production package,"checksum editorial package; artifact lineage bundle","VersionSeal; PressWire",How does GalleyPack produce reproducible editorial packages?,https://kujolang.ai/ecosystem/tooling/,No measured query evidence,Preserve repository-grounded terminology
after,https://kujolang.ai/ecosystem/presswire/,approval-gated publication,PressWire,technical adoption,PressWire publication delivery,"publication receipts; idempotent publishing","VersionSeal; GalleyPack",How does PressWire gate publishing effects?,https://kujolang.ai/ecosystem/tooling/,No measured query evidence,Preserve repository-grounded terminology
after,https://kujolang.ai/ecosystem/readersignal/,privacy-bounded audience measurement,ReaderSignal,technical adoption,ReaderSignal audience evidence,"reader feedback ledger; privacy bounded analytics","PressWire; StoryDesk",How does ReaderSignal compare audience evidence safely?,https://kujolang.ai/ecosystem/tooling/,No measured query evidence,Preserve repository-grounded terminology
after,https://kujolang.ai/ecosystem/storydesk/,editorial operations control,StoryDesk,technical adoption,StoryDesk editorial control desk,"commission assignment workflow; editorial handoffs","BluePencil; Dossier",How does StoryDesk manage editorial dependencies and review queues?,https://kujolang.ai/ecosystem/tooling/,No measured query evidence,Preserve repository-grounded terminology
after,https://kujolang.ai/ecosystem/versionseal/,exact-version approval,VersionSeal,technical adoption,VersionSeal approval ledger,"checksum approval evidence; publication authorization","GalleyPack; PressWire",How does VersionSeal bind approval to an exact version?,https://kujolang.ai/ecosystem/tooling/,No measured query evidence,Preserve repository-grounded terminology
