phase,url,page_type,purpose,audience,intent,topic_entity,word_count,original_evidence,currentness,citation_worthiness,competing_url,gap,action
after,https://kujolang.ai/,home,Introduce Kujo and route visitors,Developers and AI-software teams,brand/category,Kujo programming language,69,First-party project information,No rendered modified date,Low to medium,,Measurement/editorial review required,Preserve factual specificity; add dated primary evidence when available
after,https://kujolang.ai/contact/,page,Explain a Kujo site topic,Developers and AI-software teams,informational,Contact,140,First-party project information,No rendered modified date,Low to medium,,Measurement/editorial review required,Preserve factual specificity; add dated primary evidence when available
after,https://kujolang.ai/ecosystem/agents-sdk/,software-detail,Explain one Kujo project and link its source,Developers and AI-software teams,technical adoption,Agents SDK,127,Repository/source links and explicit operating boundaries,No rendered modified date,Medium,,Measurement/editorial review required,Preserve factual specificity; add dated primary evidence when available
after,https://kujolang.ai/ecosystem/ai-chat/,software-detail,Explain one Kujo project and link its source,Developers and AI-software teams,technical adoption,AI Chat,133,Repository/source links and explicit operating boundaries,No rendered modified date,Medium,,Measurement/editorial review required,Preserve factual specificity; add dated primary evidence when available
after,https://kujolang.ai/ecosystem/ai-sdk/,software-detail,Explain one Kujo project and link its source,Developers and AI-software teams,technical adoption,AI SDK,133,Repository/source links and explicit operating boundaries,No rendered modified date,Medium,,Measurement/editorial review required,Preserve factual specificity; add dated primary evidence when available
after,https://kujolang.ai/ecosystem/casefile/,software-detail,Explain one Kujo project and link its source,Developers and AI-software teams,technical adoption,CaseFile,134,Repository/source links and explicit operating boundaries,No rendered modified date,Medium,,Measurement/editorial review required,Preserve factual specificity; add dated primary evidence when available
after,https://kujolang.ai/ecosystem/changebucket/,software-detail,Explain one Kujo project and link its source,Developers and AI-software teams,technical adoption,ChangeBucket,134,Repository/source links and explicit operating boundaries,No rendered modified date,Medium,,Measurement/editorial review required,Preserve factual specificity; add dated primary evidence when available
after,https://kujolang.ai/ecosystem/cms/,software-detail,Explain one Kujo project and link its source,Developers and AI-software teams,technical adoption,CMS,131,Repository/source links and explicit operating boundaries,No rendered modified date,Medium,,Measurement/editorial review required,Preserve factual specificity; add dated primary evidence when available
after,https://kujolang.ai/ecosystem/concord/,software-detail,Explain one Kujo project and link its source,Developers and AI-software teams,technical adoption,Concord,131,Repository/source links and explicit operating boundaries,No rendered modified date,Medium,,Measurement/editorial review required,Preserve factual specificity; add dated primary evidence when available
after,https://kujolang.ai/ecosystem/contentgraph/,software-detail,Explain one Kujo project and link its source,Developers and AI-software teams,technical adoption,ContentGraph,241,Repository/source links and explicit operating boundaries,No rendered modified date,Medium,,Measurement/editorial review required,Preserve factual specificity; add dated primary evidence when available
after,https://kujolang.ai/ecosystem/crud-api/,software-detail,Explain one Kujo project and link its source,Developers and AI-software teams,technical adoption,CRUD API Showcase,135,Repository/source links and explicit operating boundaries,No rendered modified date,Medium,,Measurement/editorial review required,Preserve factual specificity; add dated primary evidence when available
after,https://kujolang.ai/ecosystem/dispatch/,software-detail,Explain one Kujo project and link its source,Developers and AI-software teams,technical adoption,Dispatch,133,Repository/source links and explicit operating boundaries,No rendered modified date,Medium,,Measurement/editorial review required,Preserve factual specificity; add dated primary evidence when available
after,https://kujolang.ai/ecosystem/eval/,software-detail,Explain one Kujo project and link its source,Developers and AI-software teams,technical adoption,Eval,132,Repository/source links and explicit operating boundaries,No rendered modified date,Medium,,Measurement/editorial review required,Preserve factual specificity; add dated primary evidence when available
after,https://kujolang.ai/ecosystem/fence/,software-detail,Explain one Kujo project and link its source,Developers and AI-software teams,technical adoption,Fence,125,Repository/source links and explicit operating boundaries,No rendered modified date,Medium,,Measurement/editorial review required,Preserve factual specificity; add dated primary evidence when available
after,https://kujolang.ai/ecosystem/howl/,software-detail,Explain one Kujo project and link its source,Developers and AI-software teams,technical adoption,Howl,131,Repository/source links and explicit operating boundaries,No rendered modified date,Medium,,Measurement/editorial review required,Preserve factual specificity; add dated primary evidence when available
after,https://kujolang.ai/ecosystem/,collection,Explain and index the ecosystem,Developers and AI-software teams,exploration,Kujo ecosystem,1194,First-party project information,No rendered modified date,Low to medium,,Measurement/editorial review required,Preserve factual specificity; add dated primary evidence when available
after,https://kujolang.ai/ecosystem/kennel/,software-detail,Explain one Kujo project and link its source,Developers and AI-software teams,technical adoption,Kennel,133,Repository/source links and explicit operating boundaries,No rendered modified date,Medium,,Measurement/editorial review required,Preserve factual specificity; add dated primary evidence when available
after,https://kujolang.ai/ecosystem/kujo/,software-detail,Explain one Kujo project and link its source,Developers and AI-software teams,technical adoption,Kujo,135,Repository/source links and explicit operating boundaries,No rendered modified date,Medium,,Measurement/editorial review required,Preserve factual specificity; add dated primary evidence when available
after,https://kujolang.ai/ecosystem/leash/,software-detail,Explain one Kujo project and link its source,Developers and AI-software teams,technical adoption,Leash,150,Repository/source links and explicit operating boundaries,No rendered modified date,Medium,,Measurement/editorial review required,Preserve factual specificity; add dated primary evidence when available
after,https://kujolang.ai/ecosystem/lens/,software-detail,Explain one Kujo project and link its source,Developers and AI-software teams,technical adoption,Lens,130,Repository/source links and explicit operating boundaries,No rendered modified date,Medium,,Measurement/editorial review required,Preserve factual specificity; add dated primary evidence when available
after,https://kujolang.ai/ecosystem/mcp/,software-detail,Explain one Kujo project and link its source,Developers and AI-software teams,technical adoption,MCP,136,Repository/source links and explicit operating boundaries,No rendered modified date,Medium,,Measurement/editorial review required,Preserve factual specificity; add dated primary evidence when available
after,https://kujolang.ai/ecosystem/muzzle/,software-detail,Explain one Kujo project and link its source,Developers and AI-software teams,technical adoption,Muzzle,136,Repository/source links and explicit operating boundaries,No rendered modified date,Medium,,Measurement/editorial review required,Preserve factual specificity; add dated primary evidence when available
after,https://kujolang.ai/ecosystem/packwrite/,software-detail,Explain one Kujo project and link its source,Developers and AI-software teams,technical adoption,PackWrite,130,Repository/source links and explicit operating boundaries,No rendered modified date,Medium,,Measurement/editorial review required,Preserve factual specificity; add dated primary evidence when available
after,https://kujolang.ai/ecosystem/patchbrief/,software-detail,Explain one Kujo project and link its source,Developers and AI-software teams,technical adoption,PatchBrief,131,Repository/source links and explicit operating boundaries,No rendered modified date,Medium,,Measurement/editorial review required,Preserve factual specificity; add dated primary evidence when available
after,https://kujolang.ai/ecosystem/primitives/,collection,Explain and index the ecosystem,Developers and AI-software teams,exploration,Kujo ecosystem,331,First-party project information,No rendered modified date,Low to medium,,Measurement/editorial review required,Preserve factual specificity; add dated primary evidence when available
after,https://kujolang.ai/ecosystem/rag/,software-detail,Explain one Kujo project and link its source,Developers and AI-software teams,technical adoption,RAG,135,Repository/source links and explicit operating boundaries,No rendered modified date,Medium,,Measurement/editorial review required,Preserve factual specificity; add dated primary evidence when available
after,https://kujolang.ai/ecosystem/redact/,software-detail,Explain one Kujo project and link its source,Developers and AI-software teams,technical adoption,Redact,233,Repository/source links and explicit operating boundaries,No rendered modified date,Medium,,Measurement/editorial review required,Preserve factual specificity; add dated primary evidence when available
after,https://kujolang.ai/ecosystem/relay/,software-detail,Explain one Kujo project and link its source,Developers and AI-software teams,technical adoption,Relay,340,Repository/source links and explicit operating boundaries,No rendered modified date,Medium,,Measurement/editorial review required,Preserve factual specificity; add dated primary evidence when available
after,https://kujolang.ai/ecosystem/runledger/,software-detail,Explain one Kujo project and link its source,Developers and AI-software teams,technical adoption,RunLedger,134,Repository/source links and explicit operating boundaries,No rendered modified date,Medium,,Measurement/editorial review required,Preserve factual specificity; add dated primary evidence when available
after,https://kujolang.ai/ecosystem/scent/,software-detail,Explain one Kujo project and link its source,Developers and AI-software teams,technical adoption,Scent,136,Repository/source links and explicit operating boundaries,No rendered modified date,Medium,,Measurement/editorial review required,Preserve factual specificity; add dated primary evidence when available
after,https://kujolang.ai/ecosystem/scout/,software-detail,Explain one Kujo project and link its source,Developers and AI-software teams,technical adoption,Scout,128,Repository/source links and explicit operating boundaries,No rendered modified date,Medium,,Measurement/editorial review required,Preserve factual specificity; add dated primary evidence when available
after,https://kujolang.ai/ecosystem/searchbridge/,software-detail,Explain one Kujo project and link its source,Developers and AI-software teams,technical adoption,SearchBridge,249,Repository/source links and explicit operating boundaries,No rendered modified date,Medium,,Measurement/editorial review required,Preserve factual specificity; add dated primary evidence when available
after,https://kujolang.ai/ecosystem/shipcheck/,software-detail,Explain one Kujo project and link its source,Developers and AI-software teams,technical adoption,ShipCheck,132,Repository/source links and explicit operating boundaries,No rendered modified date,Medium,,Measurement/editorial review required,Preserve factual specificity; add dated primary evidence when available
after,https://kujolang.ai/ecosystem/showcase/,collection,Explain and index the ecosystem,Developers and AI-software teams,exploration,Kujo ecosystem,205,First-party project information,No rendered modified date,Low to medium,,Measurement/editorial review required,Preserve factual specificity; add dated primary evidence when available
after,https://kujolang.ai/ecosystem/sitekit/,software-detail,Explain one Kujo project and link its source,Developers and AI-software teams,technical adoption,SiteKit,249,Repository/source links and explicit operating boundaries,No rendered modified date,Medium,,Measurement/editorial review required,Preserve factual specificity; add dated primary evidence when available
after,https://kujolang.ai/ecosystem/siteprobe/,software-detail,Explain one Kujo project and link its source,Developers and AI-software teams,technical adoption,SiteProbe,246,Repository/source links and explicit operating boundaries,No rendered modified date,Medium,,Measurement/editorial review required,Preserve factual specificity; add dated primary evidence when available
after,https://kujolang.ai/ecosystem/skills/,collection,Explain and index the ecosystem,Developers and AI-software teams,exploration,Kujo ecosystem,1794,First-party project information,No rendered modified date,Low to medium,,Measurement/editorial review required,Preserve factual specificity; add dated primary evidence when available
after,https://kujolang.ai/ecosystem/skills/kujo-agents-sdk-workflows/,software-detail,Explain one Kujo project and link its source,Developers and AI-software teams,technical adoption,Agents SDK,242,Repository/source links and explicit operating boundaries,No rendered modified date,Medium,,Measurement/editorial review required,Preserve factual specificity; add dated primary evidence when available
after,https://kujolang.ai/ecosystem/skills/kujo-ai-chat-workflows/,software-detail,Explain one Kujo project and link its source,Developers and AI-software teams,technical adoption,Kujo AI Chat,330,Repository/source links and explicit operating boundaries,No rendered modified date,Medium,,Measurement/editorial review required,Preserve factual specificity; add dated primary evidence when available
after,https://kujolang.ai/ecosystem/skills/kujo-ai-sdk-workflows/,software-detail,Explain one Kujo project and link its source,Developers and AI-software teams,technical adoption,Kujo AI SDK,280,Repository/source links and explicit operating boundaries,No rendered modified date,Medium,,Measurement/editorial review required,Preserve factual specificity; add dated primary evidence when available
after,https://kujolang.ai/ecosystem/skills/kujo-backlog-normalizer/,software-detail,Explain one Kujo project and link its source,Developers and AI-software teams,technical adoption,Kujo Backlog Normalizer,216,Repository/source links and explicit operating boundaries,No rendered modified date,Medium,,Measurement/editorial review required,Preserve factual specificity; add dated primary evidence when available
after,https://kujolang.ai/ecosystem/skills/kujo-benchmarks-capsule-workflows/,software-detail,Explain one Kujo project and link its source,Developers and AI-software teams,technical adoption,Kujo Benchmarks Capsule,226,Repository/source links and explicit operating boundaries,No rendered modified date,Medium,,Measurement/editorial review required,Preserve factual specificity; add dated primary evidence when available
after,https://kujolang.ai/ecosystem/skills/kujo-casefile-workflows/,software-detail,Explain one Kujo project and link its source,Developers and AI-software teams,technical adoption,Kujo Casefile,211,Repository/source links and explicit operating boundaries,No rendered modified date,Medium,,Measurement/editorial review required,Preserve factual specificity; add dated primary evidence when available
after,https://kujolang.ai/ecosystem/skills/kujo-changebucket-workflows/,software-detail,Explain one Kujo project and link its source,Developers and AI-software teams,technical adoption,Kujo ChangeBucket,206,Repository/source links and explicit operating boundaries,No rendered modified date,Medium,,Measurement/editorial review required,Preserve factual specificity; add dated primary evidence when available
after,https://kujolang.ai/ecosystem/skills/kujo-cli-contracts/,software-detail,Explain one Kujo project and link its source,Developers and AI-software teams,technical adoption,Kujo CLI Contracts,160,Repository/source links and explicit operating boundaries,No rendered modified date,Medium,,Measurement/editorial review required,Preserve factual specificity; add dated primary evidence when available
after,https://kujolang.ai/ecosystem/skills/kujo-cms-workflows/,software-detail,Explain one Kujo project and link its source,Developers and AI-software teams,technical adoption,Kujo CMS,243,Repository/source links and explicit operating boundaries,No rendered modified date,Medium,,Measurement/editorial review required,Preserve factual specificity; add dated primary evidence when available
after,https://kujolang.ai/ecosystem/skills/kujo-concord-workflows/,software-detail,Explain one Kujo project and link its source,Developers and AI-software teams,technical adoption,Kujo Concord,255,Repository/source links and explicit operating boundaries,No rendered modified date,Medium,,Measurement/editorial review required,Preserve factual specificity; add dated primary evidence when available
after,https://kujolang.ai/ecosystem/skills/kujo-contentgraph-workflows/,software-detail,Explain one Kujo project and link its source,Developers and AI-software teams,technical adoption,Kujo ContentGraph,132,Repository/source links and explicit operating boundaries,No rendered modified date,Medium,,Measurement/editorial review required,Preserve factual specificity; add dated primary evidence when available
after,https://kujolang.ai/ecosystem/skills/kujo-core-language/,software-detail,Explain one Kujo project and link its source,Developers and AI-software teams,technical adoption,Kujo Core Language,213,Repository/source links and explicit operating boundaries,No rendered modified date,Medium,,Measurement/editorial review required,Preserve factual specificity; add dated primary evidence when available
after,https://kujolang.ai/ecosystem/skills/kujo-cross-repo-dogfood-runner/,software-detail,Explain one Kujo project and link its source,Developers and AI-software teams,technical adoption,Kujo Cross-Repo Dogfood Runner,211,Repository/source links and explicit operating boundaries,No rendered modified date,Medium,,Measurement/editorial review required,Preserve factual specificity; add dated primary evidence when available
after,https://kujolang.ai/ecosystem/skills/kujo-crud-api-workflows/,software-detail,Explain one Kujo project and link its source,Developers and AI-software teams,technical adoption,Kujo CRUD API,215,Repository/source links and explicit operating boundaries,No rendered modified date,Medium,,Measurement/editorial review required,Preserve factual specificity; add dated primary evidence when available
after,https://kujolang.ai/ecosystem/skills/kujo-dependabot-alert-triage/,software-detail,Explain one Kujo project and link its source,Developers and AI-software teams,technical adoption,Kujo Dependabot Alert Triage,232,Repository/source links and explicit operating boundaries,No rendered modified date,Medium,,Measurement/editorial review required,Preserve factual specificity; add dated primary evidence when available
after,https://kujolang.ai/ecosystem/skills/kujo-dispatch-workflows/,software-detail,Explain one Kujo project and link its source,Developers and AI-software teams,technical adoption,Kujo Dispatch,270,Repository/source links and explicit operating boundaries,No rendered modified date,Medium,,Measurement/editorial review required,Preserve factual specificity; add dated primary evidence when available
after,https://kujolang.ai/ecosystem/skills/kujo-docgen-agent-readable/,software-detail,Explain one Kujo project and link its source,Developers and AI-software teams,technical adoption,Kujo DocGen And DocsGen,202,Repository/source links and explicit operating boundaries,No rendered modified date,Medium,,Measurement/editorial review required,Preserve factual specificity; add dated primary evidence when available
after,https://kujolang.ai/ecosystem/skills/kujo-docgen-public-docs-refresh/,software-detail,Explain one Kujo project and link its source,Developers and AI-software teams,technical adoption,Kujo DocGen Public Docs Refresh,244,Repository/source links and explicit operating boundaries,No rendered modified date,Medium,,Measurement/editorial review required,Preserve factual specificity; add dated primary evidence when available
after,https://kujolang.ai/ecosystem/skills/kujo-docs-drift-auditor/,software-detail,Explain one Kujo project and link its source,Developers and AI-software teams,technical adoption,Kujo Docs Drift Auditor,212,Repository/source links and explicit operating boundaries,No rendered modified date,Medium,,Measurement/editorial review required,Preserve factual specificity; add dated primary evidence when available
after,https://kujolang.ai/ecosystem/skills/kujo-enterprise-automation/,software-detail,Explain one Kujo project and link its source,Developers and AI-software teams,technical adoption,Kujo Enterprise Automation,182,Repository/source links and explicit operating boundaries,No rendered modified date,Medium,,Measurement/editorial review required,Preserve factual specificity; add dated primary evidence when available
after,https://kujolang.ai/ecosystem/skills/kujo-eval-workflows/,software-detail,Explain one Kujo project and link its source,Developers and AI-software teams,technical adoption,Kujo Eval,193,Repository/source links and explicit operating boundaries,No rendered modified date,Medium,,Measurement/editorial review required,Preserve factual specificity; add dated primary evidence when available
after,https://kujolang.ai/ecosystem/skills/kujo-fence-workflows/,software-detail,Explain one Kujo project and link its source,Developers and AI-software teams,technical adoption,Kujo Fence,243,Repository/source links and explicit operating boundaries,No rendered modified date,Medium,,Measurement/editorial review required,Preserve factual specificity; add dated primary evidence when available
after,https://kujolang.ai/ecosystem/skills/kujo-howl-workflows/,software-detail,Explain one Kujo project and link its source,Developers and AI-software teams,technical adoption,Kujo Howl,244,Repository/source links and explicit operating boundaries,No rendered modified date,Medium,,Measurement/editorial review required,Preserve factual specificity; add dated primary evidence when available
after,https://kujolang.ai/ecosystem/skills/kujo-kennel-workflows/,software-detail,Explain one Kujo project and link its source,Developers and AI-software teams,technical adoption,Kujo Kennel,258,Repository/source links and explicit operating boundaries,No rendered modified date,Medium,,Measurement/editorial review required,Preserve factual specificity; add dated primary evidence when available
after,https://kujolang.ai/ecosystem/skills/kujo-language-implementation/,software-detail,Explain one Kujo project and link its source,Developers and AI-software teams,technical adoption,Kujo Language Implementation,187,Repository/source links and explicit operating boundaries,No rendered modified date,Medium,,Measurement/editorial review required,Preserve factual specificity; add dated primary evidence when available
after,https://kujolang.ai/ecosystem/skills/kujo-lens-workflows/,software-detail,Explain one Kujo project and link its source,Developers and AI-software teams,technical adoption,Kujo Lens,239,Repository/source links and explicit operating boundaries,No rendered modified date,Medium,,Measurement/editorial review required,Preserve factual specificity; add dated primary evidence when available
after,https://kujolang.ai/ecosystem/skills/kujo-loop-engineering-workflows/,software-detail,Explain one Kujo project and link its source,Developers and AI-software teams,technical adoption,Kujo Loop Engineering,215,Repository/source links and explicit operating boundaries,No rendered modified date,Medium,,Measurement/editorial review required,Preserve factual specificity; add dated primary evidence when available
after,https://kujolang.ai/ecosystem/skills/kujo-maintainer-review/,software-detail,Explain one Kujo project and link its source,Developers and AI-software teams,technical adoption,Kujo Maintainer Review,174,Repository/source links and explicit operating boundaries,No rendered modified date,Medium,,Measurement/editorial review required,Preserve factual specificity; add dated primary evidence when available
after,https://kujolang.ai/ecosystem/skills/kujo-mcp-workflows/,software-detail,Explain one Kujo project and link its source,Developers and AI-software teams,technical adoption,Kujo MCP,275,Repository/source links and explicit operating boundaries,No rendered modified date,Medium,,Measurement/editorial review required,Preserve factual specificity; add dated primary evidence when available
after,https://kujolang.ai/ecosystem/skills/kujo-muzzle-workflows/,software-detail,Explain one Kujo project and link its source,Developers and AI-software teams,technical adoption,Kujo Muzzle,218,Repository/source links and explicit operating boundaries,No rendered modified date,Medium,,Measurement/editorial review required,Preserve factual specificity; add dated primary evidence when available
after,https://kujolang.ai/ecosystem/skills/kujo-packwrite-workflows/,software-detail,Explain one Kujo project and link its source,Developers and AI-software teams,technical adoption,Kujo PackWrite,198,Repository/source links and explicit operating boundaries,No rendered modified date,Medium,,Measurement/editorial review required,Preserve factual specificity; add dated primary evidence when available
after,https://kujolang.ai/ecosystem/skills/kujo-patchbrief-workflows/,software-detail,Explain one Kujo project and link its source,Developers and AI-software teams,technical adoption,Kujo PatchBrief,201,Repository/source links and explicit operating boundaries,No rendered modified date,Medium,,Measurement/editorial review required,Preserve factual specificity; add dated primary evidence when available
after,https://kujolang.ai/ecosystem/skills/kujo-rag-workflows/,software-detail,Explain one Kujo project and link its source,Developers and AI-software teams,technical adoption,Kujo RAG,237,Repository/source links and explicit operating boundaries,No rendered modified date,Medium,,Measurement/editorial review required,Preserve factual specificity; add dated primary evidence when available
after,https://kujolang.ai/ecosystem/skills/kujo-readiness-auditor/,software-detail,Explain one Kujo project and link its source,Developers and AI-software teams,technical adoption,Kujo Readiness Auditor,217,Repository/source links and explicit operating boundaries,No rendered modified date,Medium,,Measurement/editorial review required,Preserve factual specificity; add dated primary evidence when available
after,https://kujolang.ai/ecosystem/skills/kujo-redact-workflows/,software-detail,Explain one Kujo project and link its source,Developers and AI-software teams,technical adoption,Kujo Redact,240,Repository/source links and explicit operating boundaries,No rendered modified date,Medium,,Measurement/editorial review required,Preserve factual specificity; add dated primary evidence when available
after,https://kujolang.ai/ecosystem/skills/kujo-relay-workflows/,software-detail,Explain one Kujo project and link its source,Developers and AI-software teams,technical adoption,Kujo Relay,302,Repository/source links and explicit operating boundaries,No rendered modified date,Medium,,Measurement/editorial review required,Preserve factual specificity; add dated primary evidence when available
after,https://kujolang.ai/ecosystem/skills/kujo-release-gate-runner/,software-detail,Explain one Kujo project and link its source,Developers and AI-software teams,technical adoption,Kujo Release Gate Runner,211,Repository/source links and explicit operating boundaries,No rendered modified date,Medium,,Measurement/editorial review required,Preserve factual specificity; add dated primary evidence when available
after,https://kujolang.ai/ecosystem/skills/kujo-runledger-workflows/,software-detail,Explain one Kujo project and link its source,Developers and AI-software teams,technical adoption,Kujo RunLedger,212,Repository/source links and explicit operating boundaries,No rendered modified date,Medium,,Measurement/editorial review required,Preserve factual specificity; add dated primary evidence when available
after,https://kujolang.ai/ecosystem/skills/kujo-runtime-parity/,software-detail,Explain one Kujo project and link its source,Developers and AI-software teams,technical adoption,Kujo Runtime Parity,169,Repository/source links and explicit operating boundaries,No rendered modified date,Medium,,Measurement/editorial review required,Preserve factual specificity; add dated primary evidence when available
after,https://kujolang.ai/ecosystem/skills/kujo-scent-workflows/,software-detail,Explain one Kujo project and link its source,Developers and AI-software teams,technical adoption,Kujo Scent,243,Repository/source links and explicit operating boundaries,No rendered modified date,Medium,,Measurement/editorial review required,Preserve factual specificity; add dated primary evidence when available
after,https://kujolang.ai/ecosystem/skills/kujo-scout-workflows/,software-detail,Explain one Kujo project and link its source,Developers and AI-software teams,technical adoption,Kujo Scout,214,Repository/source links and explicit operating boundaries,No rendered modified date,Medium,,Measurement/editorial review required,Preserve factual specificity; add dated primary evidence when available
after,https://kujolang.ai/ecosystem/skills/kujo-searchbridge-workflows/,software-detail,Explain one Kujo project and link its source,Developers and AI-software teams,technical adoption,Kujo Searchbridge,136,Repository/source links and explicit operating boundaries,No rendered modified date,Medium,,Measurement/editorial review required,Preserve factual specificity; add dated primary evidence when available
after,https://kujolang.ai/ecosystem/skills/kujo-security-hardening/,software-detail,Explain one Kujo project and link its source,Developers and AI-software teams,technical adoption,Kujo Security Hardening,197,Repository/source links and explicit operating boundaries,No rendered modified date,Medium,,Measurement/editorial review required,Preserve factual specificity; add dated primary evidence when available
after,https://kujolang.ai/ecosystem/skills/kujo-shipcheck-workflows/,software-detail,Explain one Kujo project and link its source,Developers and AI-software teams,technical adoption,Kujo ShipCheck,244,Repository/source links and explicit operating boundaries,No rendered modified date,Medium,,Measurement/editorial review required,Preserve factual specificity; add dated primary evidence when available
after,https://kujolang.ai/ecosystem/skills/kujo-site-kit-workflows/,software-detail,Explain one Kujo project and link its source,Developers and AI-software teams,technical adoption,Kujo SiteKit Repository,229,Repository/source links and explicit operating boundaries,No rendered modified date,Medium,,Measurement/editorial review required,Preserve factual specificity; add dated primary evidence when available
after,https://kujolang.ai/ecosystem/skills/kujo-sitekit-workflows/,software-detail,Explain one Kujo project and link its source,Developers and AI-software teams,technical adoption,Kujo SiteKit,259,Repository/source links and explicit operating boundaries,No rendered modified date,Medium,,Measurement/editorial review required,Preserve factual specificity; add dated primary evidence when available
after,https://kujolang.ai/ecosystem/skills/kujo-siteprobe-workflows/,software-detail,Explain one Kujo project and link its source,Developers and AI-software teams,technical adoption,Kujo Siteprobe,134,Repository/source links and explicit operating boundaries,No rendered modified date,Medium,,Measurement/editorial review required,Preserve factual specificity; add dated primary evidence when available
after,https://kujolang.ai/ecosystem/skills/kujo-skill-auditor/,software-detail,Explain one Kujo project and link its source,Developers and AI-software teams,technical adoption,Kujo Skill Auditor,246,Repository/source links and explicit operating boundaries,No rendered modified date,Medium,,Measurement/editorial review required,Preserve factual specificity; add dated primary evidence when available
after,https://kujolang.ai/ecosystem/skills/kujo-spec-workflows/,software-detail,Explain one Kujo project and link its source,Developers and AI-software teams,technical adoption,Kujo Spec,200,Repository/source links and explicit operating boundaries,No rendered modified date,Medium,,Measurement/editorial review required,Preserve factual specificity; add dated primary evidence when available
after,https://kujolang.ai/ecosystem/skills/kujo-ssg-workflows/,software-detail,Explain one Kujo project and link its source,Developers and AI-software teams,technical adoption,Kujo SSG,238,Repository/source links and explicit operating boundaries,No rendered modified date,Medium,,Measurement/editorial review required,Preserve factual specificity; add dated primary evidence when available
after,https://kujolang.ai/ecosystem/skills/kujo-standard-library/,software-detail,Explain one Kujo project and link its source,Developers and AI-software teams,technical adoption,Kujo Standard Library,198,Repository/source links and explicit operating boundaries,No rendered modified date,Medium,,Measurement/editorial review required,Preserve factual specificity; add dated primary evidence when available
after,https://kujolang.ai/ecosystem/skills/kujo-testing-release-gates/,software-detail,Explain one Kujo project and link its source,Developers and AI-software teams,technical adoption,Kujo Testing And Release Gates,206,Repository/source links and explicit operating boundaries,No rendered modified date,Medium,,Measurement/editorial review required,Preserve factual specificity; add dated primary evidence when available
after,https://kujolang.ai/ecosystem/skills/kujo-tool-building/,software-detail,Explain one Kujo project and link its source,Developers and AI-software teams,technical adoption,Kujo Tool Building,168,Repository/source links and explicit operating boundaries,No rendered modified date,Medium,,Measurement/editorial review required,Preserve factual specificity; add dated primary evidence when available
after,https://kujolang.ai/ecosystem/skills/kujo-tribunal-workflows/,software-detail,Explain one Kujo project and link its source,Developers and AI-software teams,technical adoption,Kujo Tribunal,233,Repository/source links and explicit operating boundaries,No rendered modified date,Medium,,Measurement/editorial review required,Preserve factual specificity; add dated primary evidence when available
after,https://kujolang.ai/ecosystem/skills/kujo-watchdog-workflows/,software-detail,Explain one Kujo project and link its source,Developers and AI-software teams,technical adoption,Kujo Watchdog,240,Repository/source links and explicit operating boundaries,No rendered modified date,Medium,,Measurement/editorial review required,Preserve factual specificity; add dated primary evidence when available
after,https://kujolang.ai/ecosystem/skills/kujo-workcell-workflows/,software-detail,Explain one Kujo project and link its source,Developers and AI-software teams,technical adoption,Kujo Workcell,259,Repository/source links and explicit operating boundaries,No rendered modified date,Medium,,Measurement/editorial review required,Preserve factual specificity; add dated primary evidence when available
after,https://kujolang.ai/ecosystem/skills/webops-accessibility-review/,software-detail,Explain one Kujo project and link its source,Developers and AI-software teams,technical adoption,Webops Accessibility Review,132,Repository/source links and explicit operating boundaries,No rendered modified date,Medium,,Measurement/editorial review required,Preserve factual specificity; add dated primary evidence when available
after,https://kujolang.ai/ecosystem/skills/webops-ai-search-visibility/,software-detail,Explain one Kujo project and link its source,Developers and AI-software teams,technical adoption,Webops AI Search Visibility,131,Repository/source links and explicit operating boundaries,No rendered modified date,Medium,,Measurement/editorial review required,Preserve factual specificity; add dated primary evidence when available
after,https://kujolang.ai/ecosystem/skills/webops-analytics-analysis/,software-detail,Explain one Kujo project and link its source,Developers and AI-software teams,technical adoption,Webops Analytics Analysis,131,Repository/source links and explicit operating boundaries,No rendered modified date,Medium,,Measurement/editorial review required,Preserve factual specificity; add dated primary evidence when available
after,https://kujolang.ai/ecosystem/skills/webops-backlink-and-mention-analysis/,software-detail,Explain one Kujo project and link its source,Developers and AI-software teams,technical adoption,Webops Backlink And Mention Analysis,137,Repository/source links and explicit operating boundaries,No rendered modified date,Medium,,Measurement/editorial review required,Preserve factual specificity; add dated primary evidence when available
after,https://kujolang.ai/ecosystem/skills/webops-cannibalization/,software-detail,Explain one Kujo project and link its source,Developers and AI-software teams,technical adoption,Webops Cannibalization,130,Repository/source links and explicit operating boundaries,No rendered modified date,Medium,,Measurement/editorial review required,Preserve factual specificity; add dated primary evidence when available
after,https://kujolang.ai/ecosystem/skills/webops-capability-preflight/,software-detail,Explain one Kujo project and link its source,Developers and AI-software teams,technical adoption,Webops Capability Preflight,140,Repository/source links and explicit operating boundaries,No rendered modified date,Medium,,Measurement/editorial review required,Preserve factual specificity; add dated primary evidence when available
after,https://kujolang.ai/ecosystem/skills/webops-competitor-intelligence/,software-detail,Explain one Kujo project and link its source,Developers and AI-software teams,technical adoption,Webops Competitor Intelligence,131,Repository/source links and explicit operating boundaries,No rendered modified date,Medium,,Measurement/editorial review required,Preserve factual specificity; add dated primary evidence when available
after,https://kujolang.ai/ecosystem/skills/webops-content-accuracy/,software-detail,Explain one Kujo project and link its source,Developers and AI-software teams,technical adoption,Webops Content Accuracy,130,Repository/source links and explicit operating boundaries,No rendered modified date,Medium,,Measurement/editorial review required,Preserve factual specificity; add dated primary evidence when available
after,https://kujolang.ai/ecosystem/skills/webops-content-decay/,software-detail,Explain one Kujo project and link its source,Developers and AI-software teams,technical adoption,Webops Content Decay,132,Repository/source links and explicit operating boundaries,No rendered modified date,Medium,,Measurement/editorial review required,Preserve factual specificity; add dated primary evidence when available
after,https://kujolang.ai/ecosystem/skills/webops-content-gap/,software-detail,Explain one Kujo project and link its source,Developers and AI-software teams,technical adoption,Webops Content Gap,129,Repository/source links and explicit operating boundaries,No rendered modified date,Medium,,Measurement/editorial review required,Preserve factual specificity; add dated primary evidence when available
after,https://kujolang.ai/ecosystem/skills/webops-content-portfolio/,software-detail,Explain one Kujo project and link its source,Developers and AI-software teams,technical adoption,Webops Content Portfolio,125,Repository/source links and explicit operating boundaries,No rendered modified date,Medium,,Measurement/editorial review required,Preserve factual specificity; add dated primary evidence when available
after,https://kujolang.ai/ecosystem/skills/webops-content-pruning/,software-detail,Explain one Kujo project and link its source,Developers and AI-software teams,technical adoption,Webops Content Pruning,139,Repository/source links and explicit operating boundaries,No rendered modified date,Medium,,Measurement/editorial review required,Preserve factual specificity; add dated primary evidence when available
after,https://kujolang.ai/ecosystem/skills/webops-distribution/,software-detail,Explain one Kujo project and link its source,Developers and AI-software teams,technical adoption,Webops Distribution,132,Repository/source links and explicit operating boundaries,No rendered modified date,Medium,,Measurement/editorial review required,Preserve factual specificity; add dated primary evidence when available
after,https://kujolang.ai/ecosystem/skills/webops-indexation/,software-detail,Explain one Kujo project and link its source,Developers and AI-software teams,technical adoption,Webops Indexation,131,Repository/source links and explicit operating boundaries,No rendered modified date,Medium,,Measurement/editorial review required,Preserve factual specificity; add dated primary evidence when available
after,https://kujolang.ai/ecosystem/skills/webops-information-architecture/,software-detail,Explain one Kujo project and link its source,Developers and AI-software teams,technical adoption,Webops Information Architecture,133,Repository/source links and explicit operating boundaries,No rendered modified date,Medium,,Measurement/editorial review required,Preserve factual specificity; add dated primary evidence when available
after,https://kujolang.ai/ecosystem/skills/webops-internal-linking/,software-detail,Explain one Kujo project and link its source,Developers and AI-software teams,technical adoption,Webops Internal Linking,132,Repository/source links and explicit operating boundaries,No rendered modified date,Medium,,Measurement/editorial review required,Preserve factual specificity; add dated primary evidence when available
after,https://kujolang.ai/ecosystem/skills/webops-keyword-opportunity/,software-detail,Explain one Kujo project and link its source,Developers and AI-software teams,technical adoption,Webops Keyword Opportunity,131,Repository/source links and explicit operating boundaries,No rendered modified date,Medium,,Measurement/editorial review required,Preserve factual specificity; add dated primary evidence when available
after,https://kujolang.ai/ecosystem/skills/webops-link-health/,software-detail,Explain one Kujo project and link its source,Developers and AI-software teams,technical adoption,Webops Link Health,131,Repository/source links and explicit operating boundaries,No rendered modified date,Medium,,Measurement/editorial review required,Preserve factual specificity; add dated primary evidence when available
after,https://kujolang.ai/ecosystem/skills/webops-longitudinal-findings/,software-detail,Explain one Kujo project and link its source,Developers and AI-software teams,technical adoption,Webops Longitudinal Findings,135,Repository/source links and explicit operating boundaries,No rendered modified date,Medium,,Measurement/editorial review required,Preserve factual specificity; add dated primary evidence when available
after,https://kujolang.ai/ecosystem/skills/webops-reporting/,software-detail,Explain one Kujo project and link its source,Developers and AI-software teams,technical adoption,Webops Reporting,131,Repository/source links and explicit operating boundaries,No rendered modified date,Medium,,Measurement/editorial review required,Preserve factual specificity; add dated primary evidence when available
after,https://kujolang.ai/ecosystem/skills/webops-schema-and-metadata/,software-detail,Explain one Kujo project and link its source,Developers and AI-software teams,technical adoption,Webops Schema And Metadata,130,Repository/source links and explicit operating boundaries,No rendered modified date,Medium,,Measurement/editorial review required,Preserve factual specificity; add dated primary evidence when available
after,https://kujolang.ai/ecosystem/skills/webops-search-performance/,software-detail,Explain one Kujo project and link its source,Developers and AI-software teams,technical adoption,Webops Search Performance,128,Repository/source links and explicit operating boundaries,No rendered modified date,Medium,,Measurement/editorial review required,Preserve factual specificity; add dated primary evidence when available
after,https://kujolang.ai/ecosystem/skills/webops-search-standards-watch/,software-detail,Explain one Kujo project and link its source,Developers and AI-software teams,technical adoption,Webops Search Standards Watch,135,Repository/source links and explicit operating boundaries,No rendered modified date,Medium,,Measurement/editorial review required,Preserve factual specificity; add dated primary evidence when available
after,https://kujolang.ai/ecosystem/skills/webops-search-submission/,software-detail,Explain one Kujo project and link its source,Developers and AI-software teams,technical adoption,Webops Search Submission,133,Repository/source links and explicit operating boundaries,No rendered modified date,Medium,,Measurement/editorial review required,Preserve factual specificity; add dated primary evidence when available
after,https://kujolang.ai/ecosystem/skills/webops-site-profile/,software-detail,Explain one Kujo project and link its source,Developers and AI-software teams,technical adoption,Webops Site Profile,139,Repository/source links and explicit operating boundaries,No rendered modified date,Medium,,Measurement/editorial review required,Preserve factual specificity; add dated primary evidence when available
after,https://kujolang.ai/ecosystem/skills/webops-technical-seo/,software-detail,Explain one Kujo project and link its source,Developers and AI-software teams,technical adoption,Webops Technical SEO,131,Repository/source links and explicit operating boundaries,No rendered modified date,Medium,,Measurement/editorial review required,Preserve factual specificity; add dated primary evidence when available
after,https://kujolang.ai/ecosystem/skills/webops-web-performance/,software-detail,Explain one Kujo project and link its source,Developers and AI-software teams,technical adoption,Webops Web Performance,131,Repository/source links and explicit operating boundaries,No rendered modified date,Medium,,Measurement/editorial review required,Preserve factual specificity; add dated primary evidence when available
after,https://kujolang.ai/ecosystem/spec/,software-detail,Explain one Kujo project and link its source,Developers and AI-software teams,technical adoption,Spec,131,Repository/source links and explicit operating boundaries,No rendered modified date,Medium,,Measurement/editorial review required,Preserve factual specificity; add dated primary evidence when available
after,https://kujolang.ai/ecosystem/ssg/,software-detail,Explain one Kujo project and link its source,Developers and AI-software teams,technical adoption,SSG,137,Repository/source links and explicit operating boundaries,No rendered modified date,Medium,,Measurement/editorial review required,Preserve factual specificity; add dated primary evidence when available
after,https://kujolang.ai/ecosystem/tooling/,collection,Explain and index the ecosystem,Developers and AI-software teams,exploration,Kujo ecosystem,390,First-party project information,No rendered modified date,Low to medium,,Measurement/editorial review required,Preserve factual specificity; add dated primary evidence when available
after,https://kujolang.ai/ecosystem/totalrecall/,software-detail,Explain one Kujo project and link its source,Developers and AI-software teams,technical adoption,TotalRecall,153,Repository/source links and explicit operating boundaries,No rendered modified date,Medium,,Measurement/editorial review required,Preserve factual specificity; add dated primary evidence when available
after,https://kujolang.ai/ecosystem/tribunal/,software-detail,Explain one Kujo project and link its source,Developers and AI-software teams,technical adoption,Tribunal,287,Repository/source links and explicit operating boundaries,No rendered modified date,Medium,,Measurement/editorial review required,Preserve factual specificity; add dated primary evidence when available
after,https://kujolang.ai/ecosystem/ward/,software-detail,Explain one Kujo project and link its source,Developers and AI-software teams,technical adoption,Ward,145,Repository/source links and explicit operating boundaries,No rendered modified date,Medium,,Measurement/editorial review required,Preserve factual specificity; add dated primary evidence when available
after,https://kujolang.ai/ecosystem/watchdog/,software-detail,Explain one Kujo project and link its source,Developers and AI-software teams,technical adoption,Watchdog,131,Repository/source links and explicit operating boundaries,No rendered modified date,Medium,,Measurement/editorial review required,Preserve factual specificity; add dated primary evidence when available
after,https://kujolang.ai/ecosystem/workcell/,software-detail,Explain one Kujo project and link its source,Developers and AI-software teams,technical adoption,Workcell,248,Repository/source links and explicit operating boundaries,No rendered modified date,Medium,,Measurement/editorial review required,Preserve factual specificity; add dated primary evidence when available
after,https://kujolang.ai/ecosystem/workflows/agency-runner/,software-detail,Explain one Kujo project and link its source,Developers and AI-software teams,technical adoption,Agency Runner,164,Repository/source links and explicit operating boundaries,No rendered modified date,Medium,,Measurement/editorial review required,Preserve factual specificity; add dated primary evidence when available
after,https://kujolang.ai/ecosystem/workflows/agency-verified-fix-loop/,software-detail,Explain one Kujo project and link its source,Developers and AI-software teams,technical adoption,Agency Verified Fix Loop,168,Repository/source links and explicit operating boundaries,No rendered modified date,Medium,,Measurement/editorial review required,Preserve factual specificity; add dated primary evidence when available
after,https://kujolang.ai/ecosystem/workflows/ai-sdk-muzzle-benchmark/,software-detail,Explain one Kujo project and link its source,Developers and AI-software teams,technical adoption,AI SDK Muzzle Benchmark,170,Repository/source links and explicit operating boundaries,No rendered modified date,Medium,,Measurement/editorial review required,Preserve factual specificity; add dated primary evidence when available
after,https://kujolang.ai/ecosystem/workflows/ai-sdk-watchdog-showcase/,software-detail,Explain one Kujo project and link its source,Developers and AI-software teams,technical adoption,AI SDK Watchdog Showcase,162,Repository/source links and explicit operating boundaries,No rendered modified date,Medium,,Measurement/editorial review required,Preserve factual specificity; add dated primary evidence when available
after,https://kujolang.ai/ecosystem/workflows/casefile-incident-evidence-packet/,software-detail,Explain one Kujo project and link its source,Developers and AI-software teams,technical adoption,Casefile Incident Evidence Packet,159,Repository/source links and explicit operating boundaries,No rendered modified date,Medium,,Measurement/editorial review required,Preserve factual specificity; add dated primary evidence when available
after,https://kujolang.ai/ecosystem/workflows/codebase-cleanup/,software-detail,Explain one Kujo project and link its source,Developers and AI-software teams,technical adoption,Codebase Cleanup,246,Repository/source links and explicit operating boundaries,No rendered modified date,Medium,,Measurement/editorial review required,Preserve factual specificity; add dated primary evidence when available
after,https://kujolang.ai/ecosystem/workflows/docsgen-repo-contract-runner/,software-detail,Explain one Kujo project and link its source,Developers and AI-software teams,technical adoption,Docsgen Repo Contract Runner,166,Repository/source links and explicit operating boundaries,No rendered modified date,Medium,,Measurement/editorial review required,Preserve factual specificity; add dated primary evidence when available
after,https://kujolang.ai/ecosystem/workflows/enterprise-dispatch-approval-router/,software-detail,Explain one Kujo project and link its source,Developers and AI-software teams,technical adoption,Enterprise Dispatch Approval Router,169,Repository/source links and explicit operating boundaries,No rendered modified date,Medium,,Measurement/editorial review required,Preserve factual specificity; add dated primary evidence when available
after,https://kujolang.ai/ecosystem/workflows/feature-card-workflow/,software-detail,Explain one Kujo project and link its source,Developers and AI-software teams,technical adoption,Feature Card Workflow,181,Repository/source links and explicit operating boundaries,No rendered modified date,Medium,,Measurement/editorial review required,Preserve factual specificity; add dated primary evidence when available
after,https://kujolang.ai/ecosystem/workflows/howl-content-factory/,software-detail,Explain one Kujo project and link its source,Developers and AI-software teams,technical adoption,Howl Content Factory,161,Repository/source links and explicit operating boundaries,No rendered modified date,Medium,,Measurement/editorial review required,Preserve factual specificity; add dated primary evidence when available
after,https://kujolang.ai/ecosystem/workflows/,collection,Explain and index the ecosystem,Developers and AI-software teams,exploration,Kujo ecosystem,534,First-party project information,No rendered modified date,Low to medium,,Measurement/editorial review required,Preserve factual specificity; add dated primary evidence when available
after,https://kujolang.ai/ecosystem/workflows/loop-engineering/,software-detail,Explain one Kujo project and link its source,Developers and AI-software teams,technical adoption,Loop Engineering,175,Repository/source links and explicit operating boundaries,No rendered modified date,Medium,,Measurement/editorial review required,Preserve factual specificity; add dated primary evidence when available
after,https://kujolang.ai/ecosystem/workflows/mcp-agent-gateway-review/,software-detail,Explain one Kujo project and link its source,Developers and AI-software teams,technical adoption,MCP Agent Gateway Review,170,Repository/source links and explicit operating boundaries,No rendered modified date,Medium,,Measurement/editorial review required,Preserve factual specificity; add dated primary evidence when available
after,https://kujolang.ai/ecosystem/workflows/rag-enterprise-knowledge-gate/,software-detail,Explain one Kujo project and link its source,Developers and AI-software teams,technical adoption,RAG Enterprise Knowledge Gate,163,Repository/source links and explicit operating boundaries,No rendered modified date,Medium,,Measurement/editorial review required,Preserve factual specificity; add dated primary evidence when available
after,https://kujolang.ai/ecosystem/workflows/relay-lifecycle-handoff/,software-detail,Explain one Kujo project and link its source,Developers and AI-software teams,technical adoption,Relay Lifecycle Handoff,197,Repository/source links and explicit operating boundaries,No rendered modified date,Medium,,Measurement/editorial review required,Preserve factual specificity; add dated primary evidence when available
after,https://kujolang.ai/ecosystem/workflows/tribunal-decision-gate/,software-detail,Explain one Kujo project and link its source,Developers and AI-software teams,technical adoption,Tribunal Decision Gate,188,Repository/source links and explicit operating boundaries,No rendered modified date,Medium,,Measurement/editorial review required,Preserve factual specificity; add dated primary evidence when available
after,https://kujolang.ai/ecosystem/workflows/webops-ai-visibility-benchmark/,software-detail,Explain one Kujo project and link its source,Developers and AI-software teams,technical adoption,Webops AI Visibility Benchmark,191,Repository/source links and explicit operating boundaries,No rendered modified date,Medium,,Measurement/editorial review required,Preserve factual specificity; add dated primary evidence when available
after,https://kujolang.ai/ecosystem/workflows/webops-content-refresh/,software-detail,Explain one Kujo project and link its source,Developers and AI-software teams,technical adoption,Webops Content Refresh,195,Repository/source links and explicit operating boundaries,No rendered modified date,Medium,,Measurement/editorial review required,Preserve factual specificity; add dated primary evidence when available
after,https://kujolang.ai/ecosystem/workflows/webops-finding-to-fix/,software-detail,Explain one Kujo project and link its source,Developers and AI-software teams,technical adoption,Webops Finding To Fix,203,Repository/source links and explicit operating boundaries,No rendered modified date,Medium,,Measurement/editorial review required,Preserve factual specificity; add dated primary evidence when available
after,https://kujolang.ai/ecosystem/workflows/webops-monthly-seo-review/,software-detail,Explain one Kujo project and link its source,Developers and AI-software teams,technical adoption,Webops Monthly SEO Review,187,Repository/source links and explicit operating boundaries,No rendered modified date,Medium,,Measurement/editorial review required,Preserve factual specificity; add dated primary evidence when available
after,https://kujolang.ai/ecosystem/workflows/webops-post-publish/,software-detail,Explain one Kujo project and link its source,Developers and AI-software teams,technical adoption,Webops Post Publish,196,Repository/source links and explicit operating boundaries,No rendered modified date,Medium,,Measurement/editorial review required,Preserve factual specificity; add dated primary evidence when available
after,https://kujolang.ai/ecosystem/workflows/webops-quarterly-content-portfolio/,software-detail,Explain one Kujo project and link its source,Developers and AI-software teams,technical adoption,Webops Quarterly Content Portfolio,195,Repository/source links and explicit operating boundaries,No rendered modified date,Medium,,Measurement/editorial review required,Preserve factual specificity; add dated primary evidence when available
after,https://kujolang.ai/ecosystem/workflows/webops-site-bootstrap/,software-detail,Explain one Kujo project and link its source,Developers and AI-software teams,technical adoption,Webops Site Bootstrap,191,Repository/source links and explicit operating boundaries,No rendered modified date,Medium,,Measurement/editorial review required,Preserve factual specificity; add dated primary evidence when available
after,https://kujolang.ai/ecosystem/workflows/webops-weekly-content-intelligence/,software-detail,Explain one Kujo project and link its source,Developers and AI-software teams,technical adoption,Webops Weekly Content Intelligence,189,Repository/source links and explicit operating boundaries,No rendered modified date,Medium,,Measurement/editorial review required,Preserve factual specificity; add dated primary evidence when available
after,https://kujolang.ai/ecosystem/workflows/webops-weekly-search-intelligence/,software-detail,Explain one Kujo project and link its source,Developers and AI-software teams,technical adoption,Webops Weekly Search Intelligence,191,Repository/source links and explicit operating boundaries,No rendered modified date,Medium,,Measurement/editorial review required,Preserve factual specificity; add dated primary evidence when available
after,https://kujolang.ai/ecosystem/workflows/webops-weekly-site-health/,software-detail,Explain one Kujo project and link its source,Developers and AI-software teams,technical adoption,Webops Weekly Site Health,193,Repository/source links and explicit operating boundaries,No rendered modified date,Medium,,Measurement/editorial review required,Preserve factual specificity; add dated primary evidence when available
after,https://kujolang.ai/ecosystem/workflows/workcell-execution-gate/,software-detail,Explain one Kujo project and link its source,Developers and AI-software teams,technical adoption,Workcell Execution Gate,193,Repository/source links and explicit operating boundaries,No rendered modified date,Medium,,Measurement/editorial review required,Preserve factual specificity; add dated primary evidence when available
after,https://kujolang.ai/ethos/,page,Explain a Kujo site topic,Developers and AI-software teams,informational,Ethos,573,First-party project information,No rendered modified date,Low to medium,,Measurement/editorial review required,Preserve factual specificity; add dated primary evidence when available
after,https://kujolang.ai/writing/,writing-index,List Kujo technical writing,Developers and AI-software teams,informational,Kujo writing,62,No published articles,No rendered modified date,Low to medium,,Measurement/editorial review required,Preserve factual specificity; add dated primary evidence when available
