phase,source_url,destination_url,anchor_text,link_context,http_status,final_url,chain_length,verification,rel,recommended_action
after,https://kujolang.ai/,https://docs.kujolang.ai,Docs,nav,200,https://docs.kujolang.ai,0,live request,,none
after,https://kujolang.ai/,https://docs.kujolang.ai,Docs,nav,200,https://docs.kujolang.ai,0,live request,,none
after,https://kujolang.ai/,https://x.com/kujolang,Kujo on X,nav,200,https://x.com/kujolang,0,live request,,none
after,https://kujolang.ai/,https://github.com/kujolang,Kujo on GitHub,nav,200,https://github.com/kujolang,0,live request,,none
after,https://kujolang.ai/,https://discord.gg/RqDgyb3BX,Kujo on Discord,nav,200,https://discord.com/invite/RqDgyb3BX,1,live request,,none
after,https://kujolang.ai/contact/,https://docs.kujolang.ai,Docs,nav,200,https://docs.kujolang.ai,0,live request,,none
after,https://kujolang.ai/contact/,https://docs.kujolang.ai,Docs,nav,200,https://docs.kujolang.ai,0,live request,,none
after,https://kujolang.ai/contact/,https://github.com/kujolang,Browse GitHub,article,200,https://github.com/kujolang,0,live request,,none
after,https://kujolang.ai/contact/,https://github.com/kujolang/kujo/blob/main/docs/SECURITY_RESPONSE.md,Read security guidance,article,200,https://github.com/kujolang/kujo/blob/main/docs/SECURITY_RESPONSE.md,0,live request,,none
after,https://kujolang.ai/contact/,https://x.com/kujolang,Kujo on X,nav,200,https://x.com/kujolang,0,live request,,none
after,https://kujolang.ai/contact/,https://github.com/kujolang,Kujo on GitHub,nav,200,https://github.com/kujolang,0,live request,,none
after,https://kujolang.ai/contact/,https://discord.gg/RqDgyb3BX,Kujo on Discord,nav,200,https://discord.com/invite/RqDgyb3BX,1,live request,,none
after,https://kujolang.ai/ecosystem/,https://docs.kujolang.ai,Docs,nav,200,https://docs.kujolang.ai,0,live request,,none
after,https://kujolang.ai/ecosystem/,https://docs.kujolang.ai,Docs,nav,200,https://docs.kujolang.ai,0,live request,,none
after,https://kujolang.ai/ecosystem/,https://x.com/kujolang,Kujo on X,nav,200,https://x.com/kujolang,0,live request,,none
after,https://kujolang.ai/ecosystem/,https://github.com/kujolang,Kujo on GitHub,nav,200,https://github.com/kujolang,0,live request,,none
after,https://kujolang.ai/ecosystem/,https://discord.gg/RqDgyb3BX,Kujo on Discord,nav,200,https://discord.com/invite/RqDgyb3BX,1,live request,,none
after,https://kujolang.ai/ethos/,https://docs.kujolang.ai,Docs,nav,200,https://docs.kujolang.ai,0,live request,,none
after,https://kujolang.ai/ethos/,https://docs.kujolang.ai,Docs,nav,200,https://docs.kujolang.ai,0,live request,,none
after,https://kujolang.ai/ethos/,https://x.com/kujolang,Kujo on X,nav,200,https://x.com/kujolang,0,live request,,none
after,https://kujolang.ai/ethos/,https://github.com/kujolang,Kujo on GitHub,nav,200,https://github.com/kujolang,0,live request,,none
after,https://kujolang.ai/ethos/,https://discord.gg/RqDgyb3BX,Kujo on Discord,nav,200,https://discord.com/invite/RqDgyb3BX,1,live request,,none
after,https://kujolang.ai/writing/,https://docs.kujolang.ai,Docs,nav,200,https://docs.kujolang.ai,0,live request,,none
after,https://kujolang.ai/writing/,https://docs.kujolang.ai,Docs,nav,200,https://docs.kujolang.ai,0,live request,,none
after,https://kujolang.ai/writing/,https://x.com/kujolang,X,main,200,https://x.com/kujolang,0,live request,,none
after,https://kujolang.ai/writing/,https://x.com/kujolang,Kujo on X,nav,200,https://x.com/kujolang,0,live request,,none
after,https://kujolang.ai/writing/,https://github.com/kujolang,Kujo on GitHub,nav,200,https://github.com/kujolang,0,live request,,none
after,https://kujolang.ai/writing/,https://discord.gg/RqDgyb3BX,Kujo on Discord,nav,200,https://discord.com/invite/RqDgyb3BX,1,live request,,none
after,https://kujolang.ai/ecosystem/agents-sdk/,https://docs.kujolang.ai,Docs,nav,200,https://docs.kujolang.ai,0,live request,,none
after,https://kujolang.ai/ecosystem/agents-sdk/,https://docs.kujolang.ai,Docs,nav,200,https://docs.kujolang.ai,0,live request,,none
after,https://kujolang.ai/ecosystem/agents-sdk/,https://github.com/kujolang/agents-sdk,View on GitHub,aside,200,https://github.com/kujolang/agents-sdk,0,live request,noopener,none
after,https://kujolang.ai/ecosystem/agents-sdk/,https://x.com/kujolang,Kujo on X,nav,200,https://x.com/kujolang,0,live request,,none
after,https://kujolang.ai/ecosystem/agents-sdk/,https://github.com/kujolang,Kujo on GitHub,nav,200,https://github.com/kujolang,0,live request,,none
after,https://kujolang.ai/ecosystem/agents-sdk/,https://discord.gg/RqDgyb3BX,Kujo on Discord,nav,200,https://discord.com/invite/RqDgyb3BX,1,live request,,none
after,https://kujolang.ai/ecosystem/ai-chat/,https://docs.kujolang.ai,Docs,nav,200,https://docs.kujolang.ai,0,live request,,none
after,https://kujolang.ai/ecosystem/ai-chat/,https://docs.kujolang.ai,Docs,nav,200,https://docs.kujolang.ai,0,live request,,none
after,https://kujolang.ai/ecosystem/ai-chat/,https://github.com/kujolang/ai-chat,View on GitHub,aside,200,https://github.com/kujolang/ai-chat,0,live request,noopener,none
after,https://kujolang.ai/ecosystem/ai-chat/,https://x.com/kujolang,Kujo on X,nav,200,https://x.com/kujolang,0,live request,,none
after,https://kujolang.ai/ecosystem/ai-chat/,https://github.com/kujolang,Kujo on GitHub,nav,200,https://github.com/kujolang,0,live request,,none
after,https://kujolang.ai/ecosystem/ai-chat/,https://discord.gg/RqDgyb3BX,Kujo on Discord,nav,200,https://discord.com/invite/RqDgyb3BX,1,live request,,none
after,https://kujolang.ai/ecosystem/ai-sdk/,https://docs.kujolang.ai,Docs,nav,200,https://docs.kujolang.ai,0,live request,,none
after,https://kujolang.ai/ecosystem/ai-sdk/,https://docs.kujolang.ai,Docs,nav,200,https://docs.kujolang.ai,0,live request,,none
after,https://kujolang.ai/ecosystem/ai-sdk/,https://github.com/kujolang/ai-sdk,View on GitHub,aside,200,https://github.com/kujolang/ai-sdk,0,live request,noopener,none
after,https://kujolang.ai/ecosystem/ai-sdk/,https://x.com/kujolang,Kujo on X,nav,200,https://x.com/kujolang,0,live request,,none
after,https://kujolang.ai/ecosystem/ai-sdk/,https://github.com/kujolang,Kujo on GitHub,nav,200,https://github.com/kujolang,0,live request,,none
after,https://kujolang.ai/ecosystem/ai-sdk/,https://discord.gg/RqDgyb3BX,Kujo on Discord,nav,200,https://discord.com/invite/RqDgyb3BX,1,live request,,none
after,https://kujolang.ai/ecosystem/casefile/,https://docs.kujolang.ai,Docs,nav,200,https://docs.kujolang.ai,0,live request,,none
after,https://kujolang.ai/ecosystem/casefile/,https://docs.kujolang.ai,Docs,nav,200,https://docs.kujolang.ai,0,live request,,none
after,https://kujolang.ai/ecosystem/casefile/,https://github.com/kujolang/casefile,View on GitHub,aside,200,https://github.com/kujolang/casefile,0,live request,noopener,none
after,https://kujolang.ai/ecosystem/casefile/,https://x.com/kujolang,Kujo on X,nav,200,https://x.com/kujolang,0,live request,,none
after,https://kujolang.ai/ecosystem/casefile/,https://github.com/kujolang,Kujo on GitHub,nav,200,https://github.com/kujolang,0,live request,,none
after,https://kujolang.ai/ecosystem/casefile/,https://discord.gg/RqDgyb3BX,Kujo on Discord,nav,200,https://discord.com/invite/RqDgyb3BX,1,live request,,none
after,https://kujolang.ai/ecosystem/changebucket/,https://docs.kujolang.ai,Docs,nav,200,https://docs.kujolang.ai,0,live request,,none
after,https://kujolang.ai/ecosystem/changebucket/,https://docs.kujolang.ai,Docs,nav,200,https://docs.kujolang.ai,0,live request,,none
after,https://kujolang.ai/ecosystem/changebucket/,https://github.com/kujolang/changebucket,View on GitHub,aside,200,https://github.com/kujolang/changebucket,0,live request,noopener,none
after,https://kujolang.ai/ecosystem/changebucket/,https://x.com/kujolang,Kujo on X,nav,200,https://x.com/kujolang,0,live request,,none
after,https://kujolang.ai/ecosystem/changebucket/,https://github.com/kujolang,Kujo on GitHub,nav,200,https://github.com/kujolang,0,live request,,none
after,https://kujolang.ai/ecosystem/changebucket/,https://discord.gg/RqDgyb3BX,Kujo on Discord,nav,200,https://discord.com/invite/RqDgyb3BX,1,live request,,none
after,https://kujolang.ai/ecosystem/cms/,https://docs.kujolang.ai,Docs,nav,200,https://docs.kujolang.ai,0,live request,,none
after,https://kujolang.ai/ecosystem/cms/,https://docs.kujolang.ai,Docs,nav,200,https://docs.kujolang.ai,0,live request,,none
after,https://kujolang.ai/ecosystem/cms/,https://github.com/kujolang/cms,View on GitHub,aside,200,https://github.com/kujolang/cms,0,live request,noopener,none
after,https://kujolang.ai/ecosystem/cms/,https://x.com/kujolang,Kujo on X,nav,200,https://x.com/kujolang,0,live request,,none
after,https://kujolang.ai/ecosystem/cms/,https://github.com/kujolang,Kujo on GitHub,nav,200,https://github.com/kujolang,0,live request,,none
after,https://kujolang.ai/ecosystem/cms/,https://discord.gg/RqDgyb3BX,Kujo on Discord,nav,200,https://discord.com/invite/RqDgyb3BX,1,live request,,none
after,https://kujolang.ai/ecosystem/concord/,https://docs.kujolang.ai,Docs,nav,200,https://docs.kujolang.ai,0,live request,,none
after,https://kujolang.ai/ecosystem/concord/,https://docs.kujolang.ai,Docs,nav,200,https://docs.kujolang.ai,0,live request,,none
after,https://kujolang.ai/ecosystem/concord/,https://github.com/kujolang/concord,View on GitHub,aside,200,https://github.com/kujolang/concord,0,live request,noopener,none
after,https://kujolang.ai/ecosystem/concord/,https://x.com/kujolang,Kujo on X,nav,200,https://x.com/kujolang,0,live request,,none
after,https://kujolang.ai/ecosystem/concord/,https://github.com/kujolang,Kujo on GitHub,nav,200,https://github.com/kujolang,0,live request,,none
after,https://kujolang.ai/ecosystem/concord/,https://discord.gg/RqDgyb3BX,Kujo on Discord,nav,200,https://discord.com/invite/RqDgyb3BX,1,live request,,none
after,https://kujolang.ai/ecosystem/crud-api/,https://docs.kujolang.ai,Docs,nav,200,https://docs.kujolang.ai,0,live request,,none
after,https://kujolang.ai/ecosystem/crud-api/,https://docs.kujolang.ai,Docs,nav,200,https://docs.kujolang.ai,0,live request,,none
after,https://kujolang.ai/ecosystem/crud-api/,https://github.com/kujolang/crud-api,View on GitHub,aside,200,https://github.com/kujolang/crud-api,0,live request,noopener,none
after,https://kujolang.ai/ecosystem/crud-api/,https://x.com/kujolang,Kujo on X,nav,200,https://x.com/kujolang,0,live request,,none
after,https://kujolang.ai/ecosystem/crud-api/,https://github.com/kujolang,Kujo on GitHub,nav,200,https://github.com/kujolang,0,live request,,none
after,https://kujolang.ai/ecosystem/crud-api/,https://discord.gg/RqDgyb3BX,Kujo on Discord,nav,200,https://discord.com/invite/RqDgyb3BX,1,live request,,none
after,https://kujolang.ai/ecosystem/dispatch/,https://docs.kujolang.ai,Docs,nav,200,https://docs.kujolang.ai,0,live request,,none
after,https://kujolang.ai/ecosystem/dispatch/,https://docs.kujolang.ai,Docs,nav,200,https://docs.kujolang.ai,0,live request,,none
after,https://kujolang.ai/ecosystem/dispatch/,https://github.com/kujolang/dispatch,View on GitHub,aside,200,https://github.com/kujolang/dispatch,0,live request,noopener,none
after,https://kujolang.ai/ecosystem/dispatch/,https://x.com/kujolang,Kujo on X,nav,200,https://x.com/kujolang,0,live request,,none
after,https://kujolang.ai/ecosystem/dispatch/,https://github.com/kujolang,Kujo on GitHub,nav,200,https://github.com/kujolang,0,live request,,none
after,https://kujolang.ai/ecosystem/dispatch/,https://discord.gg/RqDgyb3BX,Kujo on Discord,nav,200,https://discord.com/invite/RqDgyb3BX,1,live request,,none
after,https://kujolang.ai/ecosystem/eval/,https://docs.kujolang.ai,Docs,nav,200,https://docs.kujolang.ai,0,live request,,none
after,https://kujolang.ai/ecosystem/eval/,https://docs.kujolang.ai,Docs,nav,200,https://docs.kujolang.ai,0,live request,,none
after,https://kujolang.ai/ecosystem/eval/,https://github.com/kujolang/eval,View on GitHub,aside,200,https://github.com/kujolang/eval,0,live request,noopener,none
after,https://kujolang.ai/ecosystem/eval/,https://x.com/kujolang,Kujo on X,nav,200,https://x.com/kujolang,0,live request,,none
after,https://kujolang.ai/ecosystem/eval/,https://github.com/kujolang,Kujo on GitHub,nav,200,https://github.com/kujolang,0,live request,,none
after,https://kujolang.ai/ecosystem/eval/,https://discord.gg/RqDgyb3BX,Kujo on Discord,nav,200,https://discord.com/invite/RqDgyb3BX,1,live request,,none
after,https://kujolang.ai/ecosystem/fence/,https://docs.kujolang.ai,Docs,nav,200,https://docs.kujolang.ai,0,live request,,none
after,https://kujolang.ai/ecosystem/fence/,https://docs.kujolang.ai,Docs,nav,200,https://docs.kujolang.ai,0,live request,,none
after,https://kujolang.ai/ecosystem/fence/,https://github.com/kujolang/fence,View on GitHub,aside,200,https://github.com/kujolang/fence,0,live request,noopener,none
after,https://kujolang.ai/ecosystem/fence/,https://x.com/kujolang,Kujo on X,nav,200,https://x.com/kujolang,0,live request,,none
after,https://kujolang.ai/ecosystem/fence/,https://github.com/kujolang,Kujo on GitHub,nav,200,https://github.com/kujolang,0,live request,,none
after,https://kujolang.ai/ecosystem/fence/,https://discord.gg/RqDgyb3BX,Kujo on Discord,nav,200,https://discord.com/invite/RqDgyb3BX,1,live request,,none
after,https://kujolang.ai/ecosystem/howl/,https://docs.kujolang.ai,Docs,nav,200,https://docs.kujolang.ai,0,live request,,none
after,https://kujolang.ai/ecosystem/howl/,https://docs.kujolang.ai,Docs,nav,200,https://docs.kujolang.ai,0,live request,,none
after,https://kujolang.ai/ecosystem/howl/,https://github.com/kujolang/howl,View on GitHub,aside,200,https://github.com/kujolang/howl,0,live request,noopener,none
after,https://kujolang.ai/ecosystem/howl/,https://x.com/kujolang,Kujo on X,nav,200,https://x.com/kujolang,0,live request,,none
after,https://kujolang.ai/ecosystem/howl/,https://github.com/kujolang,Kujo on GitHub,nav,200,https://github.com/kujolang,0,live request,,none
after,https://kujolang.ai/ecosystem/howl/,https://discord.gg/RqDgyb3BX,Kujo on Discord,nav,200,https://discord.com/invite/RqDgyb3BX,1,live request,,none
after,https://kujolang.ai/ecosystem/kennel/,https://docs.kujolang.ai,Docs,nav,200,https://docs.kujolang.ai,0,live request,,none
after,https://kujolang.ai/ecosystem/kennel/,https://docs.kujolang.ai,Docs,nav,200,https://docs.kujolang.ai,0,live request,,none
after,https://kujolang.ai/ecosystem/kennel/,https://github.com/kujolang/kennel,View on GitHub,aside,200,https://github.com/kujolang/kennel,0,live request,noopener,none
after,https://kujolang.ai/ecosystem/kennel/,https://x.com/kujolang,Kujo on X,nav,200,https://x.com/kujolang,0,live request,,none
after,https://kujolang.ai/ecosystem/kennel/,https://github.com/kujolang,Kujo on GitHub,nav,200,https://github.com/kujolang,0,live request,,none
after,https://kujolang.ai/ecosystem/kennel/,https://discord.gg/RqDgyb3BX,Kujo on Discord,nav,200,https://discord.com/invite/RqDgyb3BX,1,live request,,none
after,https://kujolang.ai/ecosystem/kujo/,https://docs.kujolang.ai,Docs,nav,200,https://docs.kujolang.ai,0,live request,,none
after,https://kujolang.ai/ecosystem/kujo/,https://docs.kujolang.ai,Docs,nav,200,https://docs.kujolang.ai,0,live request,,none
after,https://kujolang.ai/ecosystem/kujo/,https://github.com/kujolang/kujo,View on GitHub,aside,200,https://github.com/kujolang/kujo,0,live request,noopener,none
after,https://kujolang.ai/ecosystem/kujo/,https://x.com/kujolang,Kujo on X,nav,200,https://x.com/kujolang,0,live request,,none
after,https://kujolang.ai/ecosystem/kujo/,https://github.com/kujolang,Kujo on GitHub,nav,200,https://github.com/kujolang,0,live request,,none
after,https://kujolang.ai/ecosystem/kujo/,https://discord.gg/RqDgyb3BX,Kujo on Discord,nav,200,https://discord.com/invite/RqDgyb3BX,1,live request,,none
after,https://kujolang.ai/ecosystem/leash/,https://docs.kujolang.ai,Docs,nav,200,https://docs.kujolang.ai,0,live request,,none
after,https://kujolang.ai/ecosystem/leash/,https://docs.kujolang.ai,Docs,nav,200,https://docs.kujolang.ai,0,live request,,none
after,https://kujolang.ai/ecosystem/leash/,https://github.com/robertdevore/leash,View on GitHub,aside,404,https://github.com/robertdevore/leash,0,confirmed unavailable by live request,noopener,review destination
after,https://kujolang.ai/ecosystem/leash/,https://x.com/kujolang,Kujo on X,nav,200,https://x.com/kujolang,0,live request,,none
after,https://kujolang.ai/ecosystem/leash/,https://github.com/kujolang,Kujo on GitHub,nav,200,https://github.com/kujolang,0,live request,,none
after,https://kujolang.ai/ecosystem/leash/,https://discord.gg/RqDgyb3BX,Kujo on Discord,nav,200,https://discord.com/invite/RqDgyb3BX,1,live request,,none
after,https://kujolang.ai/ecosystem/lens/,https://docs.kujolang.ai,Docs,nav,200,https://docs.kujolang.ai,0,live request,,none
after,https://kujolang.ai/ecosystem/lens/,https://docs.kujolang.ai,Docs,nav,200,https://docs.kujolang.ai,0,live request,,none
after,https://kujolang.ai/ecosystem/lens/,https://github.com/kujolang/lens,View on GitHub,aside,200,https://github.com/kujolang/lens,0,live request,noopener,none
after,https://kujolang.ai/ecosystem/lens/,https://x.com/kujolang,Kujo on X,nav,200,https://x.com/kujolang,0,live request,,none
after,https://kujolang.ai/ecosystem/lens/,https://github.com/kujolang,Kujo on GitHub,nav,200,https://github.com/kujolang,0,live request,,none
after,https://kujolang.ai/ecosystem/lens/,https://discord.gg/RqDgyb3BX,Kujo on Discord,nav,200,https://discord.com/invite/RqDgyb3BX,1,live request,,none
after,https://kujolang.ai/ecosystem/mcp/,https://docs.kujolang.ai,Docs,nav,200,https://docs.kujolang.ai,0,live request,,none
after,https://kujolang.ai/ecosystem/mcp/,https://docs.kujolang.ai,Docs,nav,200,https://docs.kujolang.ai,0,live request,,none
after,https://kujolang.ai/ecosystem/mcp/,https://github.com/kujolang/mcp,View on GitHub,aside,200,https://github.com/kujolang/mcp,0,live request,noopener,none
after,https://kujolang.ai/ecosystem/mcp/,https://x.com/kujolang,Kujo on X,nav,200,https://x.com/kujolang,0,live request,,none
after,https://kujolang.ai/ecosystem/mcp/,https://github.com/kujolang,Kujo on GitHub,nav,200,https://github.com/kujolang,0,live request,,none
after,https://kujolang.ai/ecosystem/mcp/,https://discord.gg/RqDgyb3BX,Kujo on Discord,nav,200,https://discord.com/invite/RqDgyb3BX,1,live request,,none
after,https://kujolang.ai/ecosystem/muzzle/,https://docs.kujolang.ai,Docs,nav,200,https://docs.kujolang.ai,0,live request,,none
after,https://kujolang.ai/ecosystem/muzzle/,https://docs.kujolang.ai,Docs,nav,200,https://docs.kujolang.ai,0,live request,,none
after,https://kujolang.ai/ecosystem/muzzle/,https://github.com/kujolang/muzzle,View on GitHub,aside,200,https://github.com/kujolang/muzzle,0,live request,noopener,none
after,https://kujolang.ai/ecosystem/muzzle/,https://x.com/kujolang,Kujo on X,nav,200,https://x.com/kujolang,0,live request,,none
after,https://kujolang.ai/ecosystem/muzzle/,https://github.com/kujolang,Kujo on GitHub,nav,200,https://github.com/kujolang,0,live request,,none
after,https://kujolang.ai/ecosystem/muzzle/,https://discord.gg/RqDgyb3BX,Kujo on Discord,nav,200,https://discord.com/invite/RqDgyb3BX,1,live request,,none
after,https://kujolang.ai/ecosystem/packwrite/,https://docs.kujolang.ai,Docs,nav,200,https://docs.kujolang.ai,0,live request,,none
after,https://kujolang.ai/ecosystem/packwrite/,https://docs.kujolang.ai,Docs,nav,200,https://docs.kujolang.ai,0,live request,,none
after,https://kujolang.ai/ecosystem/packwrite/,https://github.com/kujolang/packwrite,View on GitHub,aside,200,https://github.com/kujolang/packwrite,0,live request,noopener,none
after,https://kujolang.ai/ecosystem/packwrite/,https://x.com/kujolang,Kujo on X,nav,200,https://x.com/kujolang,0,live request,,none
after,https://kujolang.ai/ecosystem/packwrite/,https://github.com/kujolang,Kujo on GitHub,nav,200,https://github.com/kujolang,0,live request,,none
after,https://kujolang.ai/ecosystem/packwrite/,https://discord.gg/RqDgyb3BX,Kujo on Discord,nav,200,https://discord.com/invite/RqDgyb3BX,1,live request,,none
after,https://kujolang.ai/ecosystem/patchbrief/,https://docs.kujolang.ai,Docs,nav,200,https://docs.kujolang.ai,0,live request,,none
after,https://kujolang.ai/ecosystem/patchbrief/,https://docs.kujolang.ai,Docs,nav,200,https://docs.kujolang.ai,0,live request,,none
after,https://kujolang.ai/ecosystem/patchbrief/,https://github.com/kujolang/patchbrief,View on GitHub,aside,200,https://github.com/kujolang/patchbrief,0,live request,noopener,none
after,https://kujolang.ai/ecosystem/patchbrief/,https://x.com/kujolang,Kujo on X,nav,200,https://x.com/kujolang,0,live request,,none
after,https://kujolang.ai/ecosystem/patchbrief/,https://github.com/kujolang,Kujo on GitHub,nav,200,https://github.com/kujolang,0,live request,,none
after,https://kujolang.ai/ecosystem/patchbrief/,https://discord.gg/RqDgyb3BX,Kujo on Discord,nav,200,https://discord.com/invite/RqDgyb3BX,1,live request,,none
after,https://kujolang.ai/ecosystem/rag/,https://docs.kujolang.ai,Docs,nav,200,https://docs.kujolang.ai,0,live request,,none
after,https://kujolang.ai/ecosystem/rag/,https://docs.kujolang.ai,Docs,nav,200,https://docs.kujolang.ai,0,live request,,none
after,https://kujolang.ai/ecosystem/rag/,https://github.com/kujolang/rag,View on GitHub,aside,200,https://github.com/kujolang/rag,0,live request,noopener,none
after,https://kujolang.ai/ecosystem/rag/,https://x.com/kujolang,Kujo on X,nav,200,https://x.com/kujolang,0,live request,,none
after,https://kujolang.ai/ecosystem/rag/,https://github.com/kujolang,Kujo on GitHub,nav,200,https://github.com/kujolang,0,live request,,none
after,https://kujolang.ai/ecosystem/rag/,https://discord.gg/RqDgyb3BX,Kujo on Discord,nav,200,https://discord.com/invite/RqDgyb3BX,1,live request,,none
after,https://kujolang.ai/ecosystem/redact/,https://docs.kujolang.ai,Docs,nav,200,https://docs.kujolang.ai,0,live request,,none
after,https://kujolang.ai/ecosystem/redact/,https://docs.kujolang.ai,Docs,nav,200,https://docs.kujolang.ai,0,live request,,none
after,https://kujolang.ai/ecosystem/redact/,https://github.com/kujolang/redact,View on GitHub,aside,200,https://github.com/kujolang/redact,0,live request,noopener,none
after,https://kujolang.ai/ecosystem/redact/,https://x.com/kujolang,Kujo on X,nav,200,https://x.com/kujolang,0,live request,,none
after,https://kujolang.ai/ecosystem/redact/,https://github.com/kujolang,Kujo on GitHub,nav,200,https://github.com/kujolang,0,live request,,none
after,https://kujolang.ai/ecosystem/redact/,https://discord.gg/RqDgyb3BX,Kujo on Discord,nav,200,https://discord.com/invite/RqDgyb3BX,1,live request,,none
after,https://kujolang.ai/ecosystem/runledger/,https://docs.kujolang.ai,Docs,nav,200,https://docs.kujolang.ai,0,live request,,none
after,https://kujolang.ai/ecosystem/runledger/,https://docs.kujolang.ai,Docs,nav,200,https://docs.kujolang.ai,0,live request,,none
after,https://kujolang.ai/ecosystem/runledger/,https://github.com/kujolang/runledger,View on GitHub,aside,200,https://github.com/kujolang/runledger,0,live request,noopener,none
after,https://kujolang.ai/ecosystem/runledger/,https://x.com/kujolang,Kujo on X,nav,200,https://x.com/kujolang,0,live request,,none
after,https://kujolang.ai/ecosystem/runledger/,https://github.com/kujolang,Kujo on GitHub,nav,200,https://github.com/kujolang,0,live request,,none
after,https://kujolang.ai/ecosystem/runledger/,https://discord.gg/RqDgyb3BX,Kujo on Discord,nav,200,https://discord.com/invite/RqDgyb3BX,1,live request,,none
after,https://kujolang.ai/ecosystem/scent/,https://docs.kujolang.ai,Docs,nav,200,https://docs.kujolang.ai,0,live request,,none
after,https://kujolang.ai/ecosystem/scent/,https://docs.kujolang.ai,Docs,nav,200,https://docs.kujolang.ai,0,live request,,none
after,https://kujolang.ai/ecosystem/scent/,https://github.com/kujolang/scent,View on GitHub,aside,200,https://github.com/kujolang/scent,0,live request,noopener,none
after,https://kujolang.ai/ecosystem/scent/,https://x.com/kujolang,Kujo on X,nav,200,https://x.com/kujolang,0,live request,,none
after,https://kujolang.ai/ecosystem/scent/,https://github.com/kujolang,Kujo on GitHub,nav,200,https://github.com/kujolang,0,live request,,none
after,https://kujolang.ai/ecosystem/scent/,https://discord.gg/RqDgyb3BX,Kujo on Discord,nav,200,https://discord.com/invite/RqDgyb3BX,1,live request,,none
after,https://kujolang.ai/ecosystem/scout/,https://docs.kujolang.ai,Docs,nav,200,https://docs.kujolang.ai,0,live request,,none
after,https://kujolang.ai/ecosystem/scout/,https://docs.kujolang.ai,Docs,nav,200,https://docs.kujolang.ai,0,live request,,none
after,https://kujolang.ai/ecosystem/scout/,https://github.com/kujolang/scout,View on GitHub,aside,200,https://github.com/kujolang/scout,0,live request,noopener,none
after,https://kujolang.ai/ecosystem/scout/,https://x.com/kujolang,Kujo on X,nav,200,https://x.com/kujolang,0,live request,,none
after,https://kujolang.ai/ecosystem/scout/,https://github.com/kujolang,Kujo on GitHub,nav,200,https://github.com/kujolang,0,live request,,none
after,https://kujolang.ai/ecosystem/scout/,https://discord.gg/RqDgyb3BX,Kujo on Discord,nav,200,https://discord.com/invite/RqDgyb3BX,1,live request,,none
after,https://kujolang.ai/ecosystem/shipcheck/,https://docs.kujolang.ai,Docs,nav,200,https://docs.kujolang.ai,0,live request,,none
after,https://kujolang.ai/ecosystem/shipcheck/,https://docs.kujolang.ai,Docs,nav,200,https://docs.kujolang.ai,0,live request,,none
after,https://kujolang.ai/ecosystem/shipcheck/,https://github.com/kujolang/shipcheck,View on GitHub,aside,200,https://github.com/kujolang/shipcheck,0,live request,noopener,none
after,https://kujolang.ai/ecosystem/shipcheck/,https://x.com/kujolang,Kujo on X,nav,200,https://x.com/kujolang,0,live request,,none
after,https://kujolang.ai/ecosystem/shipcheck/,https://github.com/kujolang,Kujo on GitHub,nav,200,https://github.com/kujolang,0,live request,,none
after,https://kujolang.ai/ecosystem/shipcheck/,https://discord.gg/RqDgyb3BX,Kujo on Discord,nav,200,https://discord.com/invite/RqDgyb3BX,1,live request,,none
after,https://kujolang.ai/ecosystem/sitekit/,https://docs.kujolang.ai,Docs,nav,200,https://docs.kujolang.ai,0,live request,,none
after,https://kujolang.ai/ecosystem/sitekit/,https://docs.kujolang.ai,Docs,nav,200,https://docs.kujolang.ai,0,live request,,none
after,https://kujolang.ai/ecosystem/sitekit/,https://github.com/kujolang/site-kit,View on GitHub,aside,200,https://github.com/kujolang/site-kit,0,live request,noopener,none
after,https://kujolang.ai/ecosystem/sitekit/,https://x.com/kujolang,Kujo on X,nav,200,https://x.com/kujolang,0,live request,,none
after,https://kujolang.ai/ecosystem/sitekit/,https://github.com/kujolang,Kujo on GitHub,nav,200,https://github.com/kujolang,0,live request,,none
after,https://kujolang.ai/ecosystem/sitekit/,https://discord.gg/RqDgyb3BX,Kujo on Discord,nav,200,https://discord.com/invite/RqDgyb3BX,1,live request,,none
after,https://kujolang.ai/ecosystem/spec/,https://docs.kujolang.ai,Docs,nav,200,https://docs.kujolang.ai,0,live request,,none
after,https://kujolang.ai/ecosystem/spec/,https://docs.kujolang.ai,Docs,nav,200,https://docs.kujolang.ai,0,live request,,none
after,https://kujolang.ai/ecosystem/spec/,https://github.com/kujolang/spec,View on GitHub,aside,200,https://github.com/kujolang/spec,0,live request,noopener,none
after,https://kujolang.ai/ecosystem/spec/,https://x.com/kujolang,Kujo on X,nav,200,https://x.com/kujolang,0,live request,,none
after,https://kujolang.ai/ecosystem/spec/,https://github.com/kujolang,Kujo on GitHub,nav,200,https://github.com/kujolang,0,live request,,none
after,https://kujolang.ai/ecosystem/spec/,https://discord.gg/RqDgyb3BX,Kujo on Discord,nav,200,https://discord.com/invite/RqDgyb3BX,1,live request,,none
after,https://kujolang.ai/ecosystem/ssg/,https://docs.kujolang.ai,Docs,nav,200,https://docs.kujolang.ai,0,live request,,none
after,https://kujolang.ai/ecosystem/ssg/,https://docs.kujolang.ai,Docs,nav,200,https://docs.kujolang.ai,0,live request,,none
after,https://kujolang.ai/ecosystem/ssg/,https://github.com/kujolang/ssg,View on GitHub,aside,200,https://github.com/kujolang/ssg,0,live request,noopener,none
after,https://kujolang.ai/ecosystem/ssg/,https://x.com/kujolang,Kujo on X,nav,200,https://x.com/kujolang,0,live request,,none
after,https://kujolang.ai/ecosystem/ssg/,https://github.com/kujolang,Kujo on GitHub,nav,200,https://github.com/kujolang,0,live request,,none
after,https://kujolang.ai/ecosystem/ssg/,https://discord.gg/RqDgyb3BX,Kujo on Discord,nav,200,https://discord.com/invite/RqDgyb3BX,1,live request,,none
after,https://kujolang.ai/ecosystem/totalrecall/,https://docs.kujolang.ai,Docs,nav,200,https://docs.kujolang.ai,0,live request,,none
after,https://kujolang.ai/ecosystem/totalrecall/,https://docs.kujolang.ai,Docs,nav,200,https://docs.kujolang.ai,0,live request,,none
after,https://kujolang.ai/ecosystem/totalrecall/,https://github.com/robertdevore/totalrecall,View on GitHub,aside,200,https://github.com/robertdevore/totalrecall,0,live request,noopener,none
after,https://kujolang.ai/ecosystem/totalrecall/,https://x.com/kujolang,Kujo on X,nav,200,https://x.com/kujolang,0,live request,,none
after,https://kujolang.ai/ecosystem/totalrecall/,https://github.com/kujolang,Kujo on GitHub,nav,200,https://github.com/kujolang,0,live request,,none
after,https://kujolang.ai/ecosystem/totalrecall/,https://discord.gg/RqDgyb3BX,Kujo on Discord,nav,200,https://discord.com/invite/RqDgyb3BX,1,live request,,none
after,https://kujolang.ai/ecosystem/ward/,https://docs.kujolang.ai,Docs,nav,200,https://docs.kujolang.ai,0,live request,,none
after,https://kujolang.ai/ecosystem/ward/,https://docs.kujolang.ai,Docs,nav,200,https://docs.kujolang.ai,0,live request,,none
after,https://kujolang.ai/ecosystem/ward/,https://github.com/robertdevore/ward,View on GitHub,aside,404,https://github.com/robertdevore/ward,0,confirmed unavailable by live request,noopener,review destination
after,https://kujolang.ai/ecosystem/ward/,https://x.com/kujolang,Kujo on X,nav,200,https://x.com/kujolang,0,live request,,none
after,https://kujolang.ai/ecosystem/ward/,https://github.com/kujolang,Kujo on GitHub,nav,200,https://github.com/kujolang,0,live request,,none
after,https://kujolang.ai/ecosystem/ward/,https://discord.gg/RqDgyb3BX,Kujo on Discord,nav,200,https://discord.com/invite/RqDgyb3BX,1,live request,,none
after,https://kujolang.ai/ecosystem/watchdog/,https://docs.kujolang.ai,Docs,nav,200,https://docs.kujolang.ai,0,live request,,none
after,https://kujolang.ai/ecosystem/watchdog/,https://docs.kujolang.ai,Docs,nav,200,https://docs.kujolang.ai,0,live request,,none
after,https://kujolang.ai/ecosystem/watchdog/,https://github.com/kujolang/watchdog,View on GitHub,aside,200,https://github.com/kujolang/watchdog,0,live request,noopener,none
after,https://kujolang.ai/ecosystem/watchdog/,https://x.com/kujolang,Kujo on X,nav,200,https://x.com/kujolang,0,live request,,none
after,https://kujolang.ai/ecosystem/watchdog/,https://github.com/kujolang,Kujo on GitHub,nav,200,https://github.com/kujolang,0,live request,,none
after,https://kujolang.ai/ecosystem/watchdog/,https://discord.gg/RqDgyb3BX,Kujo on Discord,nav,200,https://discord.com/invite/RqDgyb3BX,1,live request,,none
after,https://kujolang.ai/ecosystem/workcell/,https://docs.kujolang.ai,Docs,nav,200,https://docs.kujolang.ai,0,live request,,none
after,https://kujolang.ai/ecosystem/workcell/,https://docs.kujolang.ai,Docs,nav,200,https://docs.kujolang.ai,0,live request,,none
after,https://kujolang.ai/ecosystem/workcell/,https://github.com/kujolang/workcell,View on GitHub,aside,200,https://github.com/kujolang/workcell,0,live request,noopener,none
after,https://kujolang.ai/ecosystem/workcell/,https://x.com/kujolang,Kujo on X,nav,200,https://x.com/kujolang,0,live request,,none
after,https://kujolang.ai/ecosystem/workcell/,https://github.com/kujolang,Kujo on GitHub,nav,200,https://github.com/kujolang,0,live request,,none
after,https://kujolang.ai/ecosystem/workcell/,https://discord.gg/RqDgyb3BX,Kujo on Discord,nav,200,https://discord.com/invite/RqDgyb3BX,1,live request,,none
