url,primary_topic,intent,evidence
https://kujolang.ai/,Trust at the speed of AI,Evaluate Kujo ecosystem capabilities,Editorial mapping of visible content; no search volume inference
https://kujolang.ai/contact/,Contact,Evaluate Kujo ecosystem capabilities,Editorial mapping of visible content; no search volume inference
https://kujolang.ai/ecosystem/ability/,Ability,Evaluate Kujo ecosystem capabilities,Editorial mapping of visible content; no search volume inference
https://kujolang.ai/ecosystem/agents-sdk/,Agents SDK,Evaluate Kujo ecosystem capabilities,Editorial mapping of visible content; no search volume inference
https://kujolang.ai/ecosystem/ai-chat/,AI Chat,Evaluate Kujo ecosystem capabilities,Editorial mapping of visible content; no search volume inference
https://kujolang.ai/ecosystem/ai-sdk/,AI SDK,Evaluate Kujo ecosystem capabilities,Editorial mapping of visible content; no search volume inference
https://kujolang.ai/ecosystem/assetworks/,AssetWorks,Evaluate Kujo ecosystem capabilities,Editorial mapping of visible content; no search volume inference
https://kujolang.ai/ecosystem/bluepencil/,BluePencil,Evaluate Kujo ecosystem capabilities,Editorial mapping of visible content; no search volume inference
https://kujolang.ai/ecosystem/casefile/,CaseFile,Evaluate Kujo ecosystem capabilities,Editorial mapping of visible content; no search volume inference
https://kujolang.ai/ecosystem/changebucket/,ChangeBucket,Evaluate Kujo ecosystem capabilities,Editorial mapping of visible content; no search volume inference
https://kujolang.ai/ecosystem/cms/,CMS,Evaluate Kujo ecosystem capabilities,Editorial mapping of visible content; no search volume inference
https://kujolang.ai/ecosystem/concord/,Concord,Evaluate Kujo ecosystem capabilities,Editorial mapping of visible content; no search volume inference
https://kujolang.ai/ecosystem/contentgraph/,ContentGraph,Evaluate Kujo ecosystem capabilities,Editorial mapping of visible content; no search volume inference
https://kujolang.ai/ecosystem/crud-api/,CRUD API Showcase,Evaluate Kujo ecosystem capabilities,Editorial mapping of visible content; no search volume inference
https://kujolang.ai/ecosystem/dispatch/,Dispatch,Evaluate Kujo ecosystem capabilities,Editorial mapping of visible content; no search volume inference
https://kujolang.ai/ecosystem/dossier/,Dossier,Evaluate Kujo ecosystem capabilities,Editorial mapping of visible content; no search volume inference
https://kujolang.ai/ecosystem/eval/,Eval,Evaluate Kujo ecosystem capabilities,Editorial mapping of visible content; no search volume inference
https://kujolang.ai/ecosystem/fence/,Fence,Evaluate Kujo ecosystem capabilities,Editorial mapping of visible content; no search volume inference
https://kujolang.ai/ecosystem/galleypack/,GalleyPack,Evaluate Kujo ecosystem capabilities,Editorial mapping of visible content; no search volume inference
https://kujolang.ai/ecosystem/howl/,Howl,Evaluate Kujo ecosystem capabilities,Editorial mapping of visible content; no search volume inference
https://kujolang.ai/ecosystem/,Ecosystem,Evaluate Kujo ecosystem capabilities,Editorial mapping of visible content; no search volume inference
https://kujolang.ai/ecosystem/kennel/,Kennel,Evaluate Kujo ecosystem capabilities,Editorial mapping of visible content; no search volume inference
https://kujolang.ai/ecosystem/kujo/,Kujo,Evaluate Kujo ecosystem capabilities,Editorial mapping of visible content; no search volume inference
https://kujolang.ai/ecosystem/leash/,Leash,Evaluate Kujo ecosystem capabilities,Editorial mapping of visible content; no search volume inference
https://kujolang.ai/ecosystem/lens/,Lens,Evaluate Kujo ecosystem capabilities,Editorial mapping of visible content; no search volume inference
https://kujolang.ai/ecosystem/mcp/,MCP,Evaluate Kujo ecosystem capabilities,Editorial mapping of visible content; no search volume inference
https://kujolang.ai/ecosystem/muzzle/,Muzzle,Evaluate Kujo ecosystem capabilities,Editorial mapping of visible content; no search volume inference
https://kujolang.ai/ecosystem/packwrite/,PackWrite,Evaluate Kujo ecosystem capabilities,Editorial mapping of visible content; no search volume inference
https://kujolang.ai/ecosystem/paperclip/,Kujo for Paperclip,Evaluate Kujo ecosystem capabilities,Editorial mapping of visible content; no search volume inference
https://kujolang.ai/ecosystem/patchbrief/,PatchBrief,Evaluate Kujo ecosystem capabilities,Editorial mapping of visible content; no search volume inference
https://kujolang.ai/ecosystem/presswire/,PressWire,Evaluate Kujo ecosystem capabilities,Editorial mapping of visible content; no search volume inference
https://kujolang.ai/ecosystem/primitives/,Primitives,Evaluate Kujo ecosystem capabilities,Editorial mapping of visible content; no search volume inference
https://kujolang.ai/ecosystem/rag/,RAG,Evaluate Kujo ecosystem capabilities,Editorial mapping of visible content; no search volume inference
https://kujolang.ai/ecosystem/readersignal/,ReaderSignal,Evaluate Kujo ecosystem capabilities,Editorial mapping of visible content; no search volume inference
https://kujolang.ai/ecosystem/redact/,Redact,Evaluate Kujo ecosystem capabilities,Editorial mapping of visible content; no search volume inference
https://kujolang.ai/ecosystem/relay/,Relay,Evaluate Kujo ecosystem capabilities,Editorial mapping of visible content; no search volume inference
https://kujolang.ai/ecosystem/runledger/,RunLedger,Evaluate Kujo ecosystem capabilities,Editorial mapping of visible content; no search volume inference
https://kujolang.ai/ecosystem/scent/,Scent,Evaluate Kujo ecosystem capabilities,Editorial mapping of visible content; no search volume inference
https://kujolang.ai/ecosystem/scout/,Scout,Evaluate Kujo ecosystem capabilities,Editorial mapping of visible content; no search volume inference
https://kujolang.ai/ecosystem/searchbridge/,SearchBridge,Evaluate Kujo ecosystem capabilities,Editorial mapping of visible content; no search volume inference
https://kujolang.ai/ecosystem/shipcheck/,ShipCheck,Evaluate Kujo ecosystem capabilities,Editorial mapping of visible content; no search volume inference
https://kujolang.ai/ecosystem/showcase/,Showcase,Evaluate Kujo ecosystem capabilities,Editorial mapping of visible content; no search volume inference
https://kujolang.ai/ecosystem/sitekit/,SiteKit,Evaluate Kujo ecosystem capabilities,Editorial mapping of visible content; no search volume inference
https://kujolang.ai/ecosystem/siteprobe/,SiteProbe,Evaluate Kujo ecosystem capabilities,Editorial mapping of visible content; no search volume inference
https://kujolang.ai/ecosystem/skills/,Skills,Evaluate Kujo ecosystem capabilities,Editorial mapping of visible content; no search volume inference
https://kujolang.ai/ecosystem/skills/kujo-agents-sdk-workflows/,Agents SDK,Evaluate Kujo ecosystem capabilities,Editorial mapping of visible content; no search volume inference
https://kujolang.ai/ecosystem/skills/kujo-ai-chat-workflows/,Kujo AI Chat,Evaluate Kujo ecosystem capabilities,Editorial mapping of visible content; no search volume inference
https://kujolang.ai/ecosystem/skills/kujo-ai-sdk-workflows/,Kujo AI SDK,Evaluate Kujo ecosystem capabilities,Editorial mapping of visible content; no search volume inference
https://kujolang.ai/ecosystem/skills/kujo-assetworks-workflows/,Kujo AssetWorks,Evaluate Kujo ecosystem capabilities,Editorial mapping of visible content; no search volume inference
https://kujolang.ai/ecosystem/skills/kujo-backlog-normalizer/,Kujo Backlog Normalizer,Evaluate Kujo ecosystem capabilities,Editorial mapping of visible content; no search volume inference
https://kujolang.ai/ecosystem/skills/kujo-benchmarks-capsule-workflows/,Kujo Benchmarks Capsule,Evaluate Kujo ecosystem capabilities,Editorial mapping of visible content; no search volume inference
https://kujolang.ai/ecosystem/skills/kujo-bluepencil-workflows/,Kujo BluePencil,Evaluate Kujo ecosystem capabilities,Editorial mapping of visible content; no search volume inference
https://kujolang.ai/ecosystem/skills/kujo-casefile-workflows/,Kujo Casefile,Evaluate Kujo ecosystem capabilities,Editorial mapping of visible content; no search volume inference
https://kujolang.ai/ecosystem/skills/kujo-changebucket-workflows/,Kujo ChangeBucket,Evaluate Kujo ecosystem capabilities,Editorial mapping of visible content; no search volume inference
https://kujolang.ai/ecosystem/skills/kujo-cli-contracts/,Kujo CLI Contracts,Evaluate Kujo ecosystem capabilities,Editorial mapping of visible content; no search volume inference
https://kujolang.ai/ecosystem/skills/kujo-cms-workflows/,Kujo CMS,Evaluate Kujo ecosystem capabilities,Editorial mapping of visible content; no search volume inference
https://kujolang.ai/ecosystem/skills/kujo-concord-workflows/,Kujo Concord,Evaluate Kujo ecosystem capabilities,Editorial mapping of visible content; no search volume inference
https://kujolang.ai/ecosystem/skills/kujo-contentgraph-workflows/,Kujo ContentGraph,Evaluate Kujo ecosystem capabilities,Editorial mapping of visible content; no search volume inference
https://kujolang.ai/ecosystem/skills/kujo-core-language/,Kujo Core Language,Evaluate Kujo ecosystem capabilities,Editorial mapping of visible content; no search volume inference
https://kujolang.ai/ecosystem/skills/kujo-cross-repo-dogfood-runner/,Kujo Cross-Repo Dogfood Runner,Evaluate Kujo ecosystem capabilities,Editorial mapping of visible content; no search volume inference
https://kujolang.ai/ecosystem/skills/kujo-crud-api-workflows/,Kujo CRUD API,Evaluate Kujo ecosystem capabilities,Editorial mapping of visible content; no search volume inference
https://kujolang.ai/ecosystem/skills/kujo-dependabot-alert-triage/,Kujo Dependabot Alert Triage,Evaluate Kujo ecosystem capabilities,Editorial mapping of visible content; no search volume inference
https://kujolang.ai/ecosystem/skills/kujo-dispatch-workflows/,Kujo Dispatch,Evaluate Kujo ecosystem capabilities,Editorial mapping of visible content; no search volume inference
https://kujolang.ai/ecosystem/skills/kujo-docgen-agent-readable/,Kujo DocGen And DocsGen,Evaluate Kujo ecosystem capabilities,Editorial mapping of visible content; no search volume inference
https://kujolang.ai/ecosystem/skills/kujo-docgen-public-docs-refresh/,Kujo DocGen Public Docs Refresh,Evaluate Kujo ecosystem capabilities,Editorial mapping of visible content; no search volume inference
https://kujolang.ai/ecosystem/skills/kujo-docs-drift-auditor/,Kujo Docs Drift Auditor,Evaluate Kujo ecosystem capabilities,Editorial mapping of visible content; no search volume inference
https://kujolang.ai/ecosystem/skills/kujo-dossier-workflows/,Kujo Dossier,Evaluate Kujo ecosystem capabilities,Editorial mapping of visible content; no search volume inference
https://kujolang.ai/ecosystem/skills/kujo-ecosystem-launch/,Kujo Ecosystem Launch,Evaluate Kujo ecosystem capabilities,Editorial mapping of visible content; no search volume inference
https://kujolang.ai/ecosystem/skills/kujo-enterprise-automation/,Kujo Enterprise Automation,Evaluate Kujo ecosystem capabilities,Editorial mapping of visible content; no search volume inference
https://kujolang.ai/ecosystem/skills/kujo-eval-workflows/,Kujo Eval,Evaluate Kujo ecosystem capabilities,Editorial mapping of visible content; no search volume inference
https://kujolang.ai/ecosystem/skills/kujo-fence-workflows/,Kujo Fence,Evaluate Kujo ecosystem capabilities,Editorial mapping of visible content; no search volume inference
https://kujolang.ai/ecosystem/skills/kujo-galleypack-workflows/,Kujo GalleyPack,Evaluate Kujo ecosystem capabilities,Editorial mapping of visible content; no search volume inference
https://kujolang.ai/ecosystem/skills/kujo-howl-workflows/,Kujo Howl,Evaluate Kujo ecosystem capabilities,Editorial mapping of visible content; no search volume inference
https://kujolang.ai/ecosystem/skills/kujo-kennel-workflows/,Kujo Kennel,Evaluate Kujo ecosystem capabilities,Editorial mapping of visible content; no search volume inference
https://kujolang.ai/ecosystem/skills/kujo-language-implementation/,Kujo Language Implementation,Evaluate Kujo ecosystem capabilities,Editorial mapping of visible content; no search volume inference
https://kujolang.ai/ecosystem/skills/kujo-lens-workflows/,Kujo Lens,Evaluate Kujo ecosystem capabilities,Editorial mapping of visible content; no search volume inference
https://kujolang.ai/ecosystem/skills/kujo-loop-engineering-workflows/,Kujo Loop Engineering,Evaluate Kujo ecosystem capabilities,Editorial mapping of visible content; no search volume inference
https://kujolang.ai/ecosystem/skills/kujo-maintainer-review/,Kujo Maintainer Review,Evaluate Kujo ecosystem capabilities,Editorial mapping of visible content; no search volume inference
https://kujolang.ai/ecosystem/skills/kujo-mcp-workflows/,Kujo MCP,Evaluate Kujo ecosystem capabilities,Editorial mapping of visible content; no search volume inference
https://kujolang.ai/ecosystem/skills/kujo-muzzle-workflows/,Kujo Muzzle,Evaluate Kujo ecosystem capabilities,Editorial mapping of visible content; no search volume inference
https://kujolang.ai/ecosystem/skills/kujo-packwrite-workflows/,Kujo PackWrite,Evaluate Kujo ecosystem capabilities,Editorial mapping of visible content; no search volume inference
https://kujolang.ai/ecosystem/skills/kujo-patchbrief-workflows/,Kujo PatchBrief,Evaluate Kujo ecosystem capabilities,Editorial mapping of visible content; no search volume inference
https://kujolang.ai/ecosystem/skills/kujo-presswire-workflows/,Kujo PressWire,Evaluate Kujo ecosystem capabilities,Editorial mapping of visible content; no search volume inference
https://kujolang.ai/ecosystem/skills/kujo-publishing-house-workflows/,Kujo Publishing House,Evaluate Kujo ecosystem capabilities,Editorial mapping of visible content; no search volume inference
https://kujolang.ai/ecosystem/skills/kujo-rag-workflows/,Kujo RAG,Evaluate Kujo ecosystem capabilities,Editorial mapping of visible content; no search volume inference
https://kujolang.ai/ecosystem/skills/kujo-readersignal-workflows/,Kujo ReaderSignal,Evaluate Kujo ecosystem capabilities,Editorial mapping of visible content; no search volume inference
https://kujolang.ai/ecosystem/skills/kujo-readiness-auditor/,Kujo Readiness Auditor,Evaluate Kujo ecosystem capabilities,Editorial mapping of visible content; no search volume inference
https://kujolang.ai/ecosystem/skills/kujo-redact-workflows/,Kujo Redact,Evaluate Kujo ecosystem capabilities,Editorial mapping of visible content; no search volume inference
https://kujolang.ai/ecosystem/skills/kujo-relay-workflows/,Kujo Relay,Evaluate Kujo ecosystem capabilities,Editorial mapping of visible content; no search volume inference
https://kujolang.ai/ecosystem/skills/kujo-release-gate-runner/,Kujo Release Gate Runner,Evaluate Kujo ecosystem capabilities,Editorial mapping of visible content; no search volume inference
https://kujolang.ai/ecosystem/skills/kujo-release-video/,Kujo release video,Evaluate Kujo ecosystem capabilities,Editorial mapping of visible content; no search volume inference
https://kujolang.ai/ecosystem/skills/kujo-runledger-workflows/,Kujo RunLedger,Evaluate Kujo ecosystem capabilities,Editorial mapping of visible content; no search volume inference
https://kujolang.ai/ecosystem/skills/kujo-runtime-parity/,Kujo Runtime Parity,Evaluate Kujo ecosystem capabilities,Editorial mapping of visible content; no search volume inference
https://kujolang.ai/ecosystem/skills/kujo-scent-workflows/,Kujo Scent,Evaluate Kujo ecosystem capabilities,Editorial mapping of visible content; no search volume inference
https://kujolang.ai/ecosystem/skills/kujo-scout-workflows/,Kujo Scout,Evaluate Kujo ecosystem capabilities,Editorial mapping of visible content; no search volume inference
https://kujolang.ai/ecosystem/skills/kujo-searchbridge-workflows/,Kujo SearchBridge,Evaluate Kujo ecosystem capabilities,Editorial mapping of visible content; no search volume inference
https://kujolang.ai/ecosystem/skills/kujo-security-hardening/,Kujo Security Hardening,Evaluate Kujo ecosystem capabilities,Editorial mapping of visible content; no search volume inference
https://kujolang.ai/ecosystem/skills/kujo-shipcheck-workflows/,Kujo ShipCheck,Evaluate Kujo ecosystem capabilities,Editorial mapping of visible content; no search volume inference
https://kujolang.ai/ecosystem/skills/kujo-site-kit-workflows/,Kujo SiteKit Repository,Evaluate Kujo ecosystem capabilities,Editorial mapping of visible content; no search volume inference
https://kujolang.ai/ecosystem/skills/kujo-sitekit-workflows/,Kujo SiteKit,Evaluate Kujo ecosystem capabilities,Editorial mapping of visible content; no search volume inference
https://kujolang.ai/ecosystem/skills/kujo-siteprobe-workflows/,Kujo Siteprobe,Evaluate Kujo ecosystem capabilities,Editorial mapping of visible content; no search volume inference
https://kujolang.ai/ecosystem/skills/kujo-skill-auditor/,Kujo Skill Auditor,Evaluate Kujo ecosystem capabilities,Editorial mapping of visible content; no search volume inference
https://kujolang.ai/ecosystem/skills/kujo-spec-workflows/,Kujo Spec,Evaluate Kujo ecosystem capabilities,Editorial mapping of visible content; no search volume inference
https://kujolang.ai/ecosystem/skills/kujo-ssg-workflows/,Kujo SSG,Evaluate Kujo ecosystem capabilities,Editorial mapping of visible content; no search volume inference
https://kujolang.ai/ecosystem/skills/kujo-standard-library/,Kujo Standard Library,Evaluate Kujo ecosystem capabilities,Editorial mapping of visible content; no search volume inference
https://kujolang.ai/ecosystem/skills/kujo-storydesk-workflows/,Kujo StoryDesk,Evaluate Kujo ecosystem capabilities,Editorial mapping of visible content; no search volume inference
https://kujolang.ai/ecosystem/skills/kujo-testing-release-gates/,Kujo Testing And Release Gates,Evaluate Kujo ecosystem capabilities,Editorial mapping of visible content; no search volume inference
https://kujolang.ai/ecosystem/skills/kujo-tool-building/,Kujo Tool Building,Evaluate Kujo ecosystem capabilities,Editorial mapping of visible content; no search volume inference
https://kujolang.ai/ecosystem/skills/kujo-tribunal-workflows/,Kujo Tribunal,Evaluate Kujo ecosystem capabilities,Editorial mapping of visible content; no search volume inference
https://kujolang.ai/ecosystem/skills/kujo-versionseal-workflows/,Kujo VersionSeal,Evaluate Kujo ecosystem capabilities,Editorial mapping of visible content; no search volume inference
https://kujolang.ai/ecosystem/skills/kujo-video-styles/,Kujo video styles,Evaluate Kujo ecosystem capabilities,Editorial mapping of visible content; no search volume inference
https://kujolang.ai/ecosystem/skills/kujo-videoops-workflows/,Kujo VideoOps,Evaluate Kujo ecosystem capabilities,Editorial mapping of visible content; no search volume inference
https://kujolang.ai/ecosystem/skills/kujo-watchdog-workflows/,Kujo Watchdog,Evaluate Kujo ecosystem capabilities,Editorial mapping of visible content; no search volume inference
https://kujolang.ai/ecosystem/skills/kujo-way-development/,Kujo Way Development,Evaluate Kujo ecosystem capabilities,Editorial mapping of visible content; no search volume inference
https://kujolang.ai/ecosystem/skills/kujo-workcell-workflows/,Kujo Workcell,Evaluate Kujo ecosystem capabilities,Editorial mapping of visible content; no search volume inference
https://kujolang.ai/ecosystem/skills/publishing-house-profile-setup/,Publishing House Profile Setup,Evaluate Kujo ecosystem capabilities,Editorial mapping of visible content; no search volume inference
https://kujolang.ai/ecosystem/skills/publishing-house-quality-calibration/,Publishing House Quality Calibration,Evaluate Kujo ecosystem capabilities,Editorial mapping of visible content; no search volume inference
https://kujolang.ai/ecosystem/skills/videoops-actionable-fix-writing/,VideoOps actionable fix writing,Evaluate Kujo ecosystem capabilities,Editorial mapping of visible content; no search volume inference
https://kujolang.ai/ecosystem/skills/videoops-approval-decision/,VideoOps approval decision,Evaluate Kujo ecosystem capabilities,Editorial mapping of visible content; no search volume inference
https://kujolang.ai/ecosystem/skills/videoops-asset-manifest-maintenance/,VideoOps asset manifest maintenance,Evaluate Kujo ecosystem capabilities,Editorial mapping of visible content; no search volume inference
https://kujolang.ai/ecosystem/skills/videoops-asset-requirement-specification/,VideoOps asset requirement specification,Evaluate Kujo ecosystem capabilities,Editorial mapping of visible content; no search volume inference
https://kujolang.ai/ecosystem/skills/videoops-asset-rights-triage/,VideoOps asset rights triage,Evaluate Kujo ecosystem capabilities,Editorial mapping of visible content; no search volume inference
https://kujolang.ai/ecosystem/skills/videoops-audio-sync/,VideoOps audio sync,Evaluate Kujo ecosystem capabilities,Editorial mapping of visible content; no search volume inference
https://kujolang.ai/ecosystem/skills/videoops-audio-visual-review/,VideoOps audio visual review,Evaluate Kujo ecosystem capabilities,Editorial mapping of visible content; no search volume inference
https://kujolang.ai/ecosystem/skills/videoops-brand-style-translation/,VideoOps brand style translation,Evaluate Kujo ecosystem capabilities,Editorial mapping of visible content; no search volume inference
https://kujolang.ai/ecosystem/skills/videoops-first-party-asset-discovery/,VideoOps first party asset discovery,Evaluate Kujo ecosystem capabilities,Editorial mapping of visible content; no search volume inference
https://kujolang.ai/ecosystem/skills/videoops-fix-list-application/,VideoOps fix list application,Evaluate Kujo ecosystem capabilities,Editorial mapping of visible content; no search volume inference
https://kujolang.ai/ecosystem/skills/videoops-generated-asset-manifesting/,VideoOps generated asset manifesting,Evaluate Kujo ecosystem capabilities,Editorial mapping of visible content; no search volume inference
https://kujolang.ai/ecosystem/skills/videoops-generated-motion-production/,VideoOps generated motion production,Evaluate Kujo ecosystem capabilities,Editorial mapping of visible content; no search volume inference
https://kujolang.ai/ecosystem/skills/videoops-generated-still-production/,VideoOps generated still production,Evaluate Kujo ecosystem capabilities,Editorial mapping of visible content; no search volume inference
https://kujolang.ai/ecosystem/skills/videoops-generation-handoff/,VideoOps generation handoff,Evaluate Kujo ecosystem capabilities,Editorial mapping of visible content; no search volume inference
https://kujolang.ai/ecosystem/skills/videoops-generation-variant-selection/,VideoOps generation variant selection,Evaluate Kujo ecosystem capabilities,Editorial mapping of visible content; no search volume inference
https://kujolang.ai/ecosystem/skills/videoops-hyperframes-project-bootstrap/,VideoOps hyperframes project bootstrap,Evaluate Kujo ecosystem capabilities,Editorial mapping of visible content; no search volume inference
https://kujolang.ai/ecosystem/skills/videoops-kinetic-typography/,VideoOps kinetic typography,Evaluate Kujo ecosystem capabilities,Editorial mapping of visible content; no search volume inference
https://kujolang.ai/ecosystem/skills/videoops-lens-product-capture/,VideoOps lens product capture,Evaluate Kujo ecosystem capabilities,Editorial mapping of visible content; no search volume inference
https://kujolang.ai/ecosystem/skills/videoops-licensed-media-research/,VideoOps licensed media research,Evaluate Kujo ecosystem capabilities,Editorial mapping of visible content; no search volume inference
https://kujolang.ai/ecosystem/skills/videoops-media-compositing/,VideoOps media compositing,Evaluate Kujo ecosystem capabilities,Editorial mapping of visible content; no search volume inference
https://kujolang.ai/ecosystem/skills/videoops-media-normalization/,VideoOps media normalization,Evaluate Kujo ecosystem capabilities,Editorial mapping of visible content; no search volume inference
https://kujolang.ai/ecosystem/skills/videoops-media-provider-execution/,VideoOps media provider execution,Evaluate Kujo ecosystem capabilities,Editorial mapping of visible content; no search volume inference
https://kujolang.ai/ecosystem/skills/videoops-motion-quality-review/,VideoOps motion quality review,Evaluate Kujo ecosystem capabilities,Editorial mapping of visible content; no search volume inference
https://kujolang.ai/ecosystem/skills/videoops-pacing-analysis/,VideoOps pacing analysis,Evaluate Kujo ecosystem capabilities,Editorial mapping of visible content; no search volume inference
https://kujolang.ai/ecosystem/skills/videoops-platform-duration-planning/,VideoOps platform duration planning,Evaluate Kujo ecosystem capabilities,Editorial mapping of visible content; no search volume inference
https://kujolang.ai/ecosystem/skills/videoops-render-validation/,VideoOps render validation,Evaluate Kujo ecosystem capabilities,Editorial mapping of visible content; no search volume inference
https://kujolang.ai/ecosystem/skills/videoops-shader-and-transition-selection/,VideoOps shader and transition selection,Evaluate Kujo ecosystem capabilities,Editorial mapping of visible content; no search volume inference
https://kujolang.ai/ecosystem/skills/videoops-shot-context-generation/,VideoOps shot context generation,Evaluate Kujo ecosystem capabilities,Editorial mapping of visible content; no search volume inference
https://kujolang.ai/ecosystem/skills/videoops-shot-list-to-timeline/,VideoOps shot list to timeline,Evaluate Kujo ecosystem capabilities,Editorial mapping of visible content; no search volume inference
https://kujolang.ai/ecosystem/skills/videoops-shot-planning/,VideoOps shot planning,Evaluate Kujo ecosystem capabilities,Editorial mapping of visible content; no search volume inference
https://kujolang.ai/ecosystem/skills/videoops-technical-render-review/,VideoOps technical render review,Evaluate Kujo ecosystem capabilities,Editorial mapping of visible content; no search volume inference
https://kujolang.ai/ecosystem/skills/videoops-transcript-and-onscreen-copy/,VideoOps transcript and onscreen copy,Evaluate Kujo ecosystem capabilities,Editorial mapping of visible content; no search volume inference
https://kujolang.ai/ecosystem/skills/videoops-video-brief-synthesis/,VideoOps video brief synthesis,Evaluate Kujo ecosystem capabilities,Editorial mapping of visible content; no search volume inference
https://kujolang.ai/ecosystem/skills/videoops-video-spec-comparison/,VideoOps video spec comparison,Evaluate Kujo ecosystem capabilities,Editorial mapping of visible content; no search volume inference
https://kujolang.ai/ecosystem/skills/videoops-visual-hierarchy-review/,VideoOps visual hierarchy review,Evaluate Kujo ecosystem capabilities,Editorial mapping of visible content; no search volume inference
https://kujolang.ai/ecosystem/skills/videoops-visual-reference-decomposition/,VideoOps visual reference decomposition,Evaluate Kujo ecosystem capabilities,Editorial mapping of visible content; no search volume inference
https://kujolang.ai/ecosystem/skills/webops-accessibility-review/,WebOps Accessibility Review,Evaluate Kujo ecosystem capabilities,Editorial mapping of visible content; no search volume inference
https://kujolang.ai/ecosystem/skills/webops-ai-search-visibility/,WebOps AI Search Visibility,Evaluate Kujo ecosystem capabilities,Editorial mapping of visible content; no search volume inference
https://kujolang.ai/ecosystem/skills/webops-analytics-analysis/,WebOps Analytics Analysis,Evaluate Kujo ecosystem capabilities,Editorial mapping of visible content; no search volume inference
https://kujolang.ai/ecosystem/skills/webops-backlink-and-mention-analysis/,WebOps Backlink And Mention Analysis,Evaluate Kujo ecosystem capabilities,Editorial mapping of visible content; no search volume inference
https://kujolang.ai/ecosystem/skills/webops-cannibalization/,WebOps Cannibalization,Evaluate Kujo ecosystem capabilities,Editorial mapping of visible content; no search volume inference
https://kujolang.ai/ecosystem/skills/webops-capability-preflight/,WebOps Capability Preflight,Evaluate Kujo ecosystem capabilities,Editorial mapping of visible content; no search volume inference
https://kujolang.ai/ecosystem/skills/webops-competitor-intelligence/,WebOps Competitor Intelligence,Evaluate Kujo ecosystem capabilities,Editorial mapping of visible content; no search volume inference
https://kujolang.ai/ecosystem/skills/webops-content-accuracy/,WebOps Content Accuracy,Evaluate Kujo ecosystem capabilities,Editorial mapping of visible content; no search volume inference
https://kujolang.ai/ecosystem/skills/webops-content-decay/,WebOps Content Decay,Evaluate Kujo ecosystem capabilities,Editorial mapping of visible content; no search volume inference
https://kujolang.ai/ecosystem/skills/webops-content-gap/,WebOps Content Gap,Evaluate Kujo ecosystem capabilities,Editorial mapping of visible content; no search volume inference
https://kujolang.ai/ecosystem/skills/webops-content-portfolio/,WebOps Content Portfolio,Evaluate Kujo ecosystem capabilities,Editorial mapping of visible content; no search volume inference
https://kujolang.ai/ecosystem/skills/webops-content-pruning/,WebOps Content Pruning,Evaluate Kujo ecosystem capabilities,Editorial mapping of visible content; no search volume inference
https://kujolang.ai/ecosystem/skills/webops-distribution/,WebOps Distribution,Evaluate Kujo ecosystem capabilities,Editorial mapping of visible content; no search volume inference
https://kujolang.ai/ecosystem/skills/webops-indexation/,WebOps Indexation,Evaluate Kujo ecosystem capabilities,Editorial mapping of visible content; no search volume inference
https://kujolang.ai/ecosystem/skills/webops-information-architecture/,WebOps Information Architecture,Evaluate Kujo ecosystem capabilities,Editorial mapping of visible content; no search volume inference
https://kujolang.ai/ecosystem/skills/webops-internal-linking/,WebOps Internal Linking,Evaluate Kujo ecosystem capabilities,Editorial mapping of visible content; no search volume inference
https://kujolang.ai/ecosystem/skills/webops-keyword-opportunity/,WebOps Keyword Opportunity,Evaluate Kujo ecosystem capabilities,Editorial mapping of visible content; no search volume inference
https://kujolang.ai/ecosystem/skills/webops-link-health/,WebOps Link Health,Evaluate Kujo ecosystem capabilities,Editorial mapping of visible content; no search volume inference
https://kujolang.ai/ecosystem/skills/webops-longitudinal-findings/,WebOps Longitudinal Findings,Evaluate Kujo ecosystem capabilities,Editorial mapping of visible content; no search volume inference
https://kujolang.ai/ecosystem/skills/webops-reporting/,WebOps Reporting,Evaluate Kujo ecosystem capabilities,Editorial mapping of visible content; no search volume inference
https://kujolang.ai/ecosystem/skills/webops-schema-and-metadata/,WebOps Schema And Metadata,Evaluate Kujo ecosystem capabilities,Editorial mapping of visible content; no search volume inference
https://kujolang.ai/ecosystem/skills/webops-search-performance/,WebOps Search Performance,Evaluate Kujo ecosystem capabilities,Editorial mapping of visible content; no search volume inference
https://kujolang.ai/ecosystem/skills/webops-search-standards-watch/,WebOps Search Standards Watch,Evaluate Kujo ecosystem capabilities,Editorial mapping of visible content; no search volume inference
https://kujolang.ai/ecosystem/skills/webops-search-submission/,WebOps Search Submission,Evaluate Kujo ecosystem capabilities,Editorial mapping of visible content; no search volume inference
https://kujolang.ai/ecosystem/skills/webops-site-profile/,WebOps Site Profile,Evaluate Kujo ecosystem capabilities,Editorial mapping of visible content; no search volume inference
https://kujolang.ai/ecosystem/skills/webops-technical-seo/,WebOps Technical SEO,Evaluate Kujo ecosystem capabilities,Editorial mapping of visible content; no search volume inference
https://kujolang.ai/ecosystem/skills/webops-web-performance/,WebOps Web Performance,Evaluate Kujo ecosystem capabilities,Editorial mapping of visible content; no search volume inference
https://kujolang.ai/ecosystem/spec/,Spec,Evaluate Kujo ecosystem capabilities,Editorial mapping of visible content; no search volume inference
https://kujolang.ai/ecosystem/ssg/,SSG,Evaluate Kujo ecosystem capabilities,Editorial mapping of visible content; no search volume inference
https://kujolang.ai/ecosystem/storydesk/,StoryDesk,Evaluate Kujo ecosystem capabilities,Editorial mapping of visible content; no search volume inference
https://kujolang.ai/ecosystem/tooling/,Tooling,Evaluate Kujo ecosystem capabilities,Editorial mapping of visible content; no search volume inference
https://kujolang.ai/ecosystem/totalrecall/,TotalRecall,Evaluate Kujo ecosystem capabilities,Editorial mapping of visible content; no search volume inference
https://kujolang.ai/ecosystem/tribunal/,Tribunal,Evaluate Kujo ecosystem capabilities,Editorial mapping of visible content; no search volume inference
https://kujolang.ai/ecosystem/versionseal/,VersionSeal,Evaluate Kujo ecosystem capabilities,Editorial mapping of visible content; no search volume inference
https://kujolang.ai/ecosystem/ward/,Ward,Evaluate Kujo ecosystem capabilities,Editorial mapping of visible content; no search volume inference
https://kujolang.ai/ecosystem/watchdog/,Watchdog,Evaluate Kujo ecosystem capabilities,Editorial mapping of visible content; no search volume inference
https://kujolang.ai/ecosystem/workcell/,Workcell,Evaluate Kujo ecosystem capabilities,Editorial mapping of visible content; no search volume inference
https://kujolang.ai/ecosystem/workflows/agency-runner/,Agency Runner,Evaluate Kujo ecosystem capabilities,Editorial mapping of visible content; no search volume inference
https://kujolang.ai/ecosystem/workflows/agency-verified-fix-loop/,Agency Verified Fix Loop,Evaluate Kujo ecosystem capabilities,Editorial mapping of visible content; no search volume inference
https://kujolang.ai/ecosystem/workflows/ai-sdk-muzzle-benchmark/,AI SDK Muzzle Benchmark,Evaluate Kujo ecosystem capabilities,Editorial mapping of visible content; no search volume inference
https://kujolang.ai/ecosystem/workflows/ai-sdk-watchdog-showcase/,AI SDK Watchdog Showcase,Evaluate Kujo ecosystem capabilities,Editorial mapping of visible content; no search volume inference
https://kujolang.ai/ecosystem/workflows/casefile-incident-evidence-packet/,Casefile Incident Evidence Packet,Evaluate Kujo ecosystem capabilities,Editorial mapping of visible content; no search volume inference
https://kujolang.ai/ecosystem/workflows/codebase-cleanup/,Codebase Cleanup,Evaluate Kujo ecosystem capabilities,Editorial mapping of visible content; no search volume inference
https://kujolang.ai/ecosystem/workflows/docsgen-repo-contract-runner/,Docsgen Repo Contract Runner,Evaluate Kujo ecosystem capabilities,Editorial mapping of visible content; no search volume inference
https://kujolang.ai/ecosystem/workflows/enterprise-dispatch-approval-router/,Enterprise Dispatch Approval Router,Evaluate Kujo ecosystem capabilities,Editorial mapping of visible content; no search volume inference
https://kujolang.ai/ecosystem/workflows/feature-card-workflow/,Feature Card Workflow,Evaluate Kujo ecosystem capabilities,Editorial mapping of visible content; no search volume inference
https://kujolang.ai/ecosystem/workflows/howl-content-factory/,Howl Content Factory,Evaluate Kujo ecosystem capabilities,Editorial mapping of visible content; no search volume inference
https://kujolang.ai/ecosystem/workflows/,Workflows,Evaluate Kujo ecosystem capabilities,Editorial mapping of visible content; no search volume inference
https://kujolang.ai/ecosystem/workflows/loop-engineering/,Loop Engineering,Evaluate Kujo ecosystem capabilities,Editorial mapping of visible content; no search volume inference
https://kujolang.ai/ecosystem/workflows/mcp-agent-gateway-review/,MCP Agent Gateway Review,Evaluate Kujo ecosystem capabilities,Editorial mapping of visible content; no search volume inference
https://kujolang.ai/ecosystem/workflows/owned-agent-project/,Owned Agent Project,Evaluate Kujo ecosystem capabilities,Editorial mapping of visible content; no search volume inference
https://kujolang.ai/ecosystem/workflows/publishing-house-adaptation/,Publishing House Adaptation,Evaluate Kujo ecosystem capabilities,Editorial mapping of visible content; no search volume inference
https://kujolang.ai/ecosystem/workflows/publishing-house-approval-publication/,Publishing House Approval Publication,Evaluate Kujo ecosystem capabilities,Editorial mapping of visible content; no search volume inference
https://kujolang.ai/ecosystem/workflows/publishing-house-asset-production/,Publishing House Asset Production,Evaluate Kujo ecosystem capabilities,Editorial mapping of visible content; no search volume inference
https://kujolang.ai/ecosystem/workflows/publishing-house-commissioning/,Publishing House Commissioning,Evaluate Kujo ecosystem capabilities,Editorial mapping of visible content; no search volume inference
https://kujolang.ai/ecosystem/workflows/publishing-house-daily-desk/,Publishing House Daily Desk,Evaluate Kujo ecosystem capabilities,Editorial mapping of visible content; no search volume inference
https://kujolang.ai/ecosystem/workflows/publishing-house-editorial-review/,Publishing House Editorial Review,Evaluate Kujo ecosystem capabilities,Editorial mapping of visible content; no search volume inference
https://kujolang.ai/ecosystem/workflows/publishing-house-evidence-dossier/,Publishing House Evidence Dossier,Evaluate Kujo ecosystem capabilities,Editorial mapping of visible content; no search volume inference
https://kujolang.ai/ecosystem/workflows/publishing-house-format-production/,Publishing House Format Production,Evaluate Kujo ecosystem capabilities,Editorial mapping of visible content; no search volume inference
https://kujolang.ai/ecosystem/workflows/publishing-house-governance/,Publishing House Governance,Evaluate Kujo ecosystem capabilities,Editorial mapping of visible content; no search volume inference
https://kujolang.ai/ecosystem/workflows/publishing-house-operator/,Publishing House Operator,Evaluate Kujo ecosystem capabilities,Editorial mapping of visible content; no search volume inference
https://kujolang.ai/ecosystem/workflows/publishing-house-post-publication/,Publishing House Post Publication,Evaluate Kujo ecosystem capabilities,Editorial mapping of visible content; no search volume inference
https://kujolang.ai/ecosystem/workflows/publishing-house-primary-piece/,Publishing House Primary Piece,Evaluate Kujo ecosystem capabilities,Editorial mapping of visible content; no search volume inference
https://kujolang.ai/ecosystem/workflows/rag-enterprise-knowledge-gate/,RAG Enterprise Knowledge Gate,Evaluate Kujo ecosystem capabilities,Editorial mapping of visible content; no search volume inference
https://kujolang.ai/ecosystem/workflows/relay-lifecycle-handoff/,Relay Lifecycle Handoff,Evaluate Kujo ecosystem capabilities,Editorial mapping of visible content; no search volume inference
https://kujolang.ai/ecosystem/workflows/tribunal-decision-gate/,Tribunal Decision Gate,Evaluate Kujo ecosystem capabilities,Editorial mapping of visible content; no search volume inference
https://kujolang.ai/ecosystem/workflows/webops-ai-visibility-benchmark/,WebOps AI Visibility Benchmark,Evaluate Kujo ecosystem capabilities,Editorial mapping of visible content; no search volume inference
https://kujolang.ai/ecosystem/workflows/webops-content-refresh/,WebOps Content Refresh,Evaluate Kujo ecosystem capabilities,Editorial mapping of visible content; no search volume inference
https://kujolang.ai/ecosystem/workflows/webops-finding-to-fix/,WebOps Finding To Fix,Evaluate Kujo ecosystem capabilities,Editorial mapping of visible content; no search volume inference
https://kujolang.ai/ecosystem/workflows/webops-monthly-seo-review/,WebOps Monthly SEO Review,Evaluate Kujo ecosystem capabilities,Editorial mapping of visible content; no search volume inference
https://kujolang.ai/ecosystem/workflows/webops-post-publish/,WebOps Post Publish,Evaluate Kujo ecosystem capabilities,Editorial mapping of visible content; no search volume inference
https://kujolang.ai/ecosystem/workflows/webops-quarterly-content-portfolio/,WebOps Quarterly Content Portfolio,Evaluate Kujo ecosystem capabilities,Editorial mapping of visible content; no search volume inference
https://kujolang.ai/ecosystem/workflows/webops-site-bootstrap/,WebOps Site Bootstrap,Evaluate Kujo ecosystem capabilities,Editorial mapping of visible content; no search volume inference
https://kujolang.ai/ecosystem/workflows/webops-weekly-content-intelligence/,WebOps Weekly Content Intelligence,Evaluate Kujo ecosystem capabilities,Editorial mapping of visible content; no search volume inference
https://kujolang.ai/ecosystem/workflows/webops-weekly-search-intelligence/,WebOps Weekly Search Intelligence,Evaluate Kujo ecosystem capabilities,Editorial mapping of visible content; no search volume inference
https://kujolang.ai/ecosystem/workflows/webops-weekly-site-health/,WebOps Weekly Site Health,Evaluate Kujo ecosystem capabilities,Editorial mapping of visible content; no search volume inference
https://kujolang.ai/ecosystem/workflows/workcell-execution-gate/,Workcell Execution Gate,Evaluate Kujo ecosystem capabilities,Editorial mapping of visible content; no search volume inference
https://kujolang.ai/ethos/,Ethos,Evaluate Kujo ecosystem capabilities,Editorial mapping of visible content; no search volume inference
https://kujolang.ai/providers/,Kujo Providers,Evaluate Kujo ecosystem capabilities,Editorial mapping of visible content; no search volume inference
https://kujolang.ai/writing/,Writing,Evaluate Kujo ecosystem capabilities,Editorial mapping of visible content; no search volume inference
