phase,source_url,image_url,source_file,alt,width,height,loading,format,bytes,exists,issues
after,https://kujolang.ai/,https://kujolang.ai/assets/images/kujo-logomark.svg,assets/images/kujo-logomark.svg,,28,28,,svg,895,True,
after,https://kujolang.ai/,https://kujolang.ai/assets/images/home-agent-workflow.webp,assets/images/home-agent-workflow.webp,,1672,941,,webp,241446,True,
after,https://kujolang.ai/,https://kujolang.ai/assets/images/kujo-logomark.svg,assets/images/kujo-logomark.svg,,24,24,,svg,895,True,
after,https://kujolang.ai/contact/,https://kujolang.ai/assets/images/kujo-logomark.svg,assets/images/kujo-logomark.svg,,28,28,,svg,895,True,
after,https://kujolang.ai/contact/,https://kujolang.ai/images/contact-conversation-2073c0354259.webp,images/contact-conversation-2073c0354259.webp,Featured image for Contact,1672,941,eager,webp,231888,True,
after,https://kujolang.ai/contact/,https://kujolang.ai/assets/images/kujo-logomark.svg,assets/images/kujo-logomark.svg,,24,24,,svg,895,True,
after,https://kujolang.ai/ecosystem/,https://kujolang.ai/assets/images/kujo-logomark.svg,assets/images/kujo-logomark.svg,,28,28,,svg,895,True,
after,https://kujolang.ai/ecosystem/,https://kujolang.ai/assets/images/ecosystem-distributed-tools.webp,assets/images/ecosystem-distributed-tools.webp,,1672,941,eager,webp,291898,True,
after,https://kujolang.ai/ecosystem/,https://kujolang.ai/images/kujo-language-runtime-cef66c407b45.webp,images/kujo-language-runtime-cef66c407b45.webp,Featured image for Kujo,1672,941,lazy,webp,241446,True,
after,https://kujolang.ai/ecosystem/,https://kujolang.ai/images/kennel-package-system-8280e2dd4179.webp,images/kennel-package-system-8280e2dd4179.webp,Featured image for Kennel,1672,941,lazy,webp,203432,True,
after,https://kujolang.ai/ecosystem/,https://kujolang.ai/images/spec-task-contracts-43741e470860.webp,images/spec-task-contracts-43741e470860.webp,Featured image for Spec,1672,941,lazy,webp,212192,True,
after,https://kujolang.ai/ecosystem/,https://kujolang.ai/images/eval-quality-gates-aecc112332c8.webp,images/eval-quality-gates-aecc112332c8.webp,Featured image for Eval,1672,941,lazy,webp,192074,True,
after,https://kujolang.ai/ecosystem/,https://kujolang.ai/images/scout-codebase-map-21d37b516748.webp,images/scout-codebase-map-21d37b516748.webp,Featured image for Scout,1672,941,lazy,webp,243902,True,
after,https://kujolang.ai/ecosystem/,https://kujolang.ai/images/dispatch-workflow-orchestration-639fb89b6f12.webp,images/dispatch-workflow-orchestration-639fb89b6f12.webp,Featured image for Dispatch,1672,941,lazy,webp,263950,True,
after,https://kujolang.ai/ecosystem/,https://kujolang.ai/images/mcp-tool-connectors-3162b501143b.webp,images/mcp-tool-connectors-3162b501143b.webp,Featured image for MCP,1672,941,lazy,webp,267974,True,
after,https://kujolang.ai/ecosystem/,https://kujolang.ai/images/rag-knowledge-retrieval-1a78f38afccc.webp,images/rag-knowledge-retrieval-1a78f38afccc.webp,Featured image for RAG,1672,941,lazy,webp,263842,True,
after,https://kujolang.ai/ecosystem/,https://kujolang.ai/images/ai-sdk-provider-network-175c86bfdec2.webp,images/ai-sdk-provider-network-175c86bfdec2.webp,Featured image for AI SDK,1672,941,lazy,webp,284232,True,
after,https://kujolang.ai/ecosystem/,https://kujolang.ai/images/agents-sdk-human-handoff-7c6891528adb.webp,images/agents-sdk-human-handoff-7c6891528adb.webp,Featured image for Agents SDK,1672,941,lazy,webp,277112,True,
after,https://kujolang.ai/ecosystem/,https://kujolang.ai/images/scent-context-fragments-a6eb7f34ffda.webp,images/scent-context-fragments-a6eb7f34ffda.webp,Featured image for Scent,1672,941,lazy,webp,291898,True,
after,https://kujolang.ai/ecosystem/,https://kujolang.ai/images/fence-architecture-boundary-754f3b2cd1d9.webp,images/fence-architecture-boundary-754f3b2cd1d9.webp,Featured image for Fence,1672,941,lazy,webp,289936,True,
after,https://kujolang.ai/ecosystem/,https://kujolang.ai/images/watchdog-telemetry-alert-c8fd7a9867a7.webp,images/watchdog-telemetry-alert-c8fd7a9867a7.webp,Featured image for Watchdog,1672,941,lazy,webp,285202,True,
after,https://kujolang.ai/ecosystem/,https://kujolang.ai/images/leash-mobile-approval-2ec0c1896137.webp,images/leash-mobile-approval-2ec0c1896137.webp,Featured image for Leash,1672,941,lazy,webp,272508,True,
after,https://kujolang.ai/ecosystem/,https://kujolang.ai/images/muzzle-bounded-workflow-b64c77bed619.webp,images/muzzle-bounded-workflow-b64c77bed619.webp,Featured image for Muzzle,1672,941,lazy,webp,280582,True,
after,https://kujolang.ai/ecosystem/,https://kujolang.ai/images/runledger-run-receipts-8d64451f3e9d.webp,images/runledger-run-receipts-8d64451f3e9d.webp,Featured image for RunLedger,1672,941,lazy,webp,177314,True,
after,https://kujolang.ai/ecosystem/,https://kujolang.ai/images/changebucket-change-footprint-ad1139a9c399.webp,images/changebucket-change-footprint-ad1139a9c399.webp,Featured image for ChangeBucket,1672,941,lazy,webp,227392,True,
after,https://kujolang.ai/ecosystem/,https://kujolang.ai/images/patchbrief-diff-handoff-aeab19600b0f.webp,images/patchbrief-diff-handoff-aeab19600b0f.webp,Featured image for PatchBrief,1672,941,lazy,webp,263950,True,
after,https://kujolang.ai/ecosystem/,https://kujolang.ai/images/concord-artifact-alignment-aee2b0f59ab7.webp,images/concord-artifact-alignment-aee2b0f59ab7.webp,Featured image for Concord,1672,941,lazy,webp,285284,True,
after,https://kujolang.ai/ecosystem/,https://kujolang.ai/images/shipcheck-release-containers-6dd88086a094.webp,images/shipcheck-release-containers-6dd88086a094.webp,Featured image for ShipCheck,1916,821,lazy,webp,261420,True,
after,https://kujolang.ai/ecosystem/,https://kujolang.ai/images/packwrite-execution-pack-e49dce8f84fe.webp,images/packwrite-execution-pack-e49dce8f84fe.webp,Featured image for PackWrite,1672,941,lazy,webp,203432,True,
after,https://kujolang.ai/ecosystem/,https://kujolang.ai/images/casefile-evidence-bundle-80849ebf2502.webp,images/casefile-evidence-bundle-80849ebf2502.webp,Featured image for CaseFile,1672,941,lazy,webp,212192,True,
after,https://kujolang.ai/ecosystem/,https://kujolang.ai/images/lens-browser-inspection-3fbe386ada33.webp,images/lens-browser-inspection-3fbe386ada33.webp,Featured image for Lens,1672,941,lazy,webp,256430,True,
after,https://kujolang.ai/ecosystem/,https://kujolang.ai/images/ward-security-command-center-d9cf040edd51.webp,images/ward-security-command-center-d9cf040edd51.webp,Featured image for Ward,1672,941,lazy,webp,243974,True,
after,https://kujolang.ai/ecosystem/,https://kujolang.ai/images/howl-showcase-renderer-4ea5516f87bc.webp,images/howl-showcase-renderer-4ea5516f87bc.webp,Featured image for Howl,1672,941,lazy,webp,296694,True,
after,https://kujolang.ai/ecosystem/,https://kujolang.ai/images/workcell-contained-execution-4614f50747e5.webp,images/workcell-contained-execution-4614f50747e5.webp,Featured image for Workcell,1916,821,lazy,webp,325224,True,
after,https://kujolang.ai/ecosystem/,https://kujolang.ai/images/redact-document-sanitization-174419135945.webp,images/redact-document-sanitization-174419135945.webp,Featured image for Redact,1672,941,lazy,webp,250472,True,
after,https://kujolang.ai/ecosystem/,https://kujolang.ai/images/sitekit-interface-system-7b063362e496.webp,images/sitekit-interface-system-7b063362e496.webp,Featured image for SiteKit,1916,821,lazy,webp,211286,True,
after,https://kujolang.ai/ecosystem/,https://kujolang.ai/images/cms-content-infrastructure-c165bfd8ddac.webp,images/cms-content-infrastructure-c165bfd8ddac.webp,Featured image for CMS,1672,941,lazy,webp,345632,True,
after,https://kujolang.ai/ecosystem/,https://kujolang.ai/images/crud-api-application-stack-c24f97341118.webp,images/crud-api-application-stack-c24f97341118.webp,Featured image for CRUD API Showcase,1672,941,lazy,webp,177314,True,
after,https://kujolang.ai/ecosystem/,https://kujolang.ai/images/ai-chat-conversation-9b03c2fa574c.webp,images/ai-chat-conversation-9b03c2fa574c.webp,Featured image for AI Chat,1672,941,lazy,webp,231888,True,
after,https://kujolang.ai/ecosystem/,https://kujolang.ai/images/ssg-static-sites-db4a1b6844d0.webp,images/ssg-static-sites-db4a1b6844d0.webp,Featured image for SSG,1672,941,lazy,webp,243902,True,
after,https://kujolang.ai/ecosystem/,https://kujolang.ai/images/totalrecall-global-memory-97c41526d9ee.webp,images/totalrecall-global-memory-97c41526d9ee.webp,Featured image for TotalRecall,1536,1024,lazy,webp,280062,True,
after,https://kujolang.ai/ecosystem/,https://kujolang.ai/images/tribunal-adversarial-hearing-3968b39e2678.webp,images/tribunal-adversarial-hearing-3968b39e2678.webp,Featured image for Tribunal,1916,821,lazy,webp,340682,True,
after,https://kujolang.ai/ecosystem/,https://kujolang.ai/images/relay-mission-orchestration-42814b17903e.webp,images/relay-mission-orchestration-42814b17903e.webp,Featured image for Relay,1916,821,lazy,webp,260002,True,
after,https://kujolang.ai/ecosystem/,https://kujolang.ai/assets/images/kujo-logomark.svg,assets/images/kujo-logomark.svg,,24,24,,svg,895,True,
after,https://kujolang.ai/ethos/,https://kujolang.ai/assets/images/kujo-logomark.svg,assets/images/kujo-logomark.svg,,28,28,,svg,895,True,
after,https://kujolang.ai/ethos/,https://kujolang.ai/images/ethos-human-agent-trust-11c9f2b7e496.webp,images/ethos-human-agent-trust-11c9f2b7e496.webp,Featured image for Ethos,1672,941,eager,webp,277112,True,
after,https://kujolang.ai/ethos/,https://kujolang.ai/assets/images/kujo-logomark.svg,assets/images/kujo-logomark.svg,,24,24,,svg,895,True,
after,https://kujolang.ai/writing/,https://kujolang.ai/assets/images/kujo-logomark.svg,assets/images/kujo-logomark.svg,,28,28,,svg,895,True,
after,https://kujolang.ai/writing/,https://kujolang.ai/assets/images/writing-technical-documents.webp,assets/images/writing-technical-documents.webp,,1672,941,eager,webp,212192,True,
after,https://kujolang.ai/writing/,https://kujolang.ai/assets/images/kujo-logomark.svg,assets/images/kujo-logomark.svg,,24,24,,svg,895,True,
after,https://kujolang.ai/ecosystem/agents-sdk/,https://kujolang.ai/assets/images/kujo-logomark.svg,assets/images/kujo-logomark.svg,,28,28,,svg,895,True,
after,https://kujolang.ai/ecosystem/agents-sdk/,https://kujolang.ai/images/agents-sdk-human-handoff-7c6891528adb.webp,images/agents-sdk-human-handoff-7c6891528adb.webp,Featured image for Agents SDK,1672,941,eager,webp,277112,True,
after,https://kujolang.ai/ecosystem/agents-sdk/,https://kujolang.ai/assets/images/kujo-logomark.svg,assets/images/kujo-logomark.svg,,24,24,,svg,895,True,
after,https://kujolang.ai/ecosystem/ai-chat/,https://kujolang.ai/assets/images/kujo-logomark.svg,assets/images/kujo-logomark.svg,,28,28,,svg,895,True,
after,https://kujolang.ai/ecosystem/ai-chat/,https://kujolang.ai/images/ai-chat-conversation-9b03c2fa574c.webp,images/ai-chat-conversation-9b03c2fa574c.webp,Featured image for AI Chat,1672,941,eager,webp,231888,True,
after,https://kujolang.ai/ecosystem/ai-chat/,https://kujolang.ai/assets/images/kujo-logomark.svg,assets/images/kujo-logomark.svg,,24,24,,svg,895,True,
after,https://kujolang.ai/ecosystem/ai-sdk/,https://kujolang.ai/assets/images/kujo-logomark.svg,assets/images/kujo-logomark.svg,,28,28,,svg,895,True,
after,https://kujolang.ai/ecosystem/ai-sdk/,https://kujolang.ai/images/ai-sdk-provider-network-175c86bfdec2.webp,images/ai-sdk-provider-network-175c86bfdec2.webp,Featured image for AI SDK,1672,941,eager,webp,284232,True,
after,https://kujolang.ai/ecosystem/ai-sdk/,https://kujolang.ai/assets/images/kujo-logomark.svg,assets/images/kujo-logomark.svg,,24,24,,svg,895,True,
after,https://kujolang.ai/ecosystem/casefile/,https://kujolang.ai/assets/images/kujo-logomark.svg,assets/images/kujo-logomark.svg,,28,28,,svg,895,True,
after,https://kujolang.ai/ecosystem/casefile/,https://kujolang.ai/images/casefile-evidence-bundle-80849ebf2502.webp,images/casefile-evidence-bundle-80849ebf2502.webp,Featured image for CaseFile,1672,941,eager,webp,212192,True,
after,https://kujolang.ai/ecosystem/casefile/,https://kujolang.ai/assets/images/kujo-logomark.svg,assets/images/kujo-logomark.svg,,24,24,,svg,895,True,
after,https://kujolang.ai/ecosystem/changebucket/,https://kujolang.ai/assets/images/kujo-logomark.svg,assets/images/kujo-logomark.svg,,28,28,,svg,895,True,
after,https://kujolang.ai/ecosystem/changebucket/,https://kujolang.ai/images/changebucket-change-footprint-ad1139a9c399.webp,images/changebucket-change-footprint-ad1139a9c399.webp,Featured image for ChangeBucket,1672,941,eager,webp,227392,True,
after,https://kujolang.ai/ecosystem/changebucket/,https://kujolang.ai/assets/images/kujo-logomark.svg,assets/images/kujo-logomark.svg,,24,24,,svg,895,True,
after,https://kujolang.ai/ecosystem/cms/,https://kujolang.ai/assets/images/kujo-logomark.svg,assets/images/kujo-logomark.svg,,28,28,,svg,895,True,
after,https://kujolang.ai/ecosystem/cms/,https://kujolang.ai/images/cms-content-infrastructure-c165bfd8ddac.webp,images/cms-content-infrastructure-c165bfd8ddac.webp,Featured image for CMS,1672,941,eager,webp,345632,True,
after,https://kujolang.ai/ecosystem/cms/,https://kujolang.ai/assets/images/kujo-logomark.svg,assets/images/kujo-logomark.svg,,24,24,,svg,895,True,
after,https://kujolang.ai/ecosystem/concord/,https://kujolang.ai/assets/images/kujo-logomark.svg,assets/images/kujo-logomark.svg,,28,28,,svg,895,True,
after,https://kujolang.ai/ecosystem/concord/,https://kujolang.ai/images/concord-artifact-alignment-aee2b0f59ab7.webp,images/concord-artifact-alignment-aee2b0f59ab7.webp,Featured image for Concord,1672,941,eager,webp,285284,True,
after,https://kujolang.ai/ecosystem/concord/,https://kujolang.ai/assets/images/kujo-logomark.svg,assets/images/kujo-logomark.svg,,24,24,,svg,895,True,
after,https://kujolang.ai/ecosystem/crud-api/,https://kujolang.ai/assets/images/kujo-logomark.svg,assets/images/kujo-logomark.svg,,28,28,,svg,895,True,
after,https://kujolang.ai/ecosystem/crud-api/,https://kujolang.ai/images/crud-api-application-stack-c24f97341118.webp,images/crud-api-application-stack-c24f97341118.webp,Featured image for CRUD API Showcase,1672,941,eager,webp,177314,True,
after,https://kujolang.ai/ecosystem/crud-api/,https://kujolang.ai/assets/images/kujo-logomark.svg,assets/images/kujo-logomark.svg,,24,24,,svg,895,True,
after,https://kujolang.ai/ecosystem/dispatch/,https://kujolang.ai/assets/images/kujo-logomark.svg,assets/images/kujo-logomark.svg,,28,28,,svg,895,True,
after,https://kujolang.ai/ecosystem/dispatch/,https://kujolang.ai/images/dispatch-workflow-orchestration-639fb89b6f12.webp,images/dispatch-workflow-orchestration-639fb89b6f12.webp,Featured image for Dispatch,1672,941,eager,webp,263950,True,
after,https://kujolang.ai/ecosystem/dispatch/,https://kujolang.ai/assets/images/kujo-logomark.svg,assets/images/kujo-logomark.svg,,24,24,,svg,895,True,
after,https://kujolang.ai/ecosystem/eval/,https://kujolang.ai/assets/images/kujo-logomark.svg,assets/images/kujo-logomark.svg,,28,28,,svg,895,True,
after,https://kujolang.ai/ecosystem/eval/,https://kujolang.ai/images/eval-quality-gates-aecc112332c8.webp,images/eval-quality-gates-aecc112332c8.webp,Featured image for Eval,1672,941,eager,webp,192074,True,
after,https://kujolang.ai/ecosystem/eval/,https://kujolang.ai/assets/images/kujo-logomark.svg,assets/images/kujo-logomark.svg,,24,24,,svg,895,True,
after,https://kujolang.ai/ecosystem/fence/,https://kujolang.ai/assets/images/kujo-logomark.svg,assets/images/kujo-logomark.svg,,28,28,,svg,895,True,
after,https://kujolang.ai/ecosystem/fence/,https://kujolang.ai/images/fence-architecture-boundary-754f3b2cd1d9.webp,images/fence-architecture-boundary-754f3b2cd1d9.webp,Featured image for Fence,1672,941,eager,webp,289936,True,
after,https://kujolang.ai/ecosystem/fence/,https://kujolang.ai/assets/images/kujo-logomark.svg,assets/images/kujo-logomark.svg,,24,24,,svg,895,True,
after,https://kujolang.ai/ecosystem/howl/,https://kujolang.ai/assets/images/kujo-logomark.svg,assets/images/kujo-logomark.svg,,28,28,,svg,895,True,
after,https://kujolang.ai/ecosystem/howl/,https://kujolang.ai/images/howl-showcase-renderer-4ea5516f87bc.webp,images/howl-showcase-renderer-4ea5516f87bc.webp,Featured image for Howl,1672,941,eager,webp,296694,True,
after,https://kujolang.ai/ecosystem/howl/,https://kujolang.ai/assets/images/kujo-logomark.svg,assets/images/kujo-logomark.svg,,24,24,,svg,895,True,
after,https://kujolang.ai/ecosystem/kennel/,https://kujolang.ai/assets/images/kujo-logomark.svg,assets/images/kujo-logomark.svg,,28,28,,svg,895,True,
after,https://kujolang.ai/ecosystem/kennel/,https://kujolang.ai/images/kennel-package-system-8280e2dd4179.webp,images/kennel-package-system-8280e2dd4179.webp,Featured image for Kennel,1672,941,eager,webp,203432,True,
after,https://kujolang.ai/ecosystem/kennel/,https://kujolang.ai/assets/images/kujo-logomark.svg,assets/images/kujo-logomark.svg,,24,24,,svg,895,True,
after,https://kujolang.ai/ecosystem/kujo/,https://kujolang.ai/assets/images/kujo-logomark.svg,assets/images/kujo-logomark.svg,,28,28,,svg,895,True,
after,https://kujolang.ai/ecosystem/kujo/,https://kujolang.ai/images/kujo-language-runtime-cef66c407b45.webp,images/kujo-language-runtime-cef66c407b45.webp,Featured image for Kujo,1672,941,eager,webp,241446,True,
after,https://kujolang.ai/ecosystem/kujo/,https://kujolang.ai/assets/images/kujo-logomark.svg,assets/images/kujo-logomark.svg,,24,24,,svg,895,True,
after,https://kujolang.ai/ecosystem/leash/,https://kujolang.ai/assets/images/kujo-logomark.svg,assets/images/kujo-logomark.svg,,28,28,,svg,895,True,
after,https://kujolang.ai/ecosystem/leash/,https://kujolang.ai/images/leash-mobile-approval-2ec0c1896137.webp,images/leash-mobile-approval-2ec0c1896137.webp,Featured image for Leash,1672,941,eager,webp,272508,True,
after,https://kujolang.ai/ecosystem/leash/,https://kujolang.ai/assets/images/kujo-logomark.svg,assets/images/kujo-logomark.svg,,24,24,,svg,895,True,
after,https://kujolang.ai/ecosystem/lens/,https://kujolang.ai/assets/images/kujo-logomark.svg,assets/images/kujo-logomark.svg,,28,28,,svg,895,True,
after,https://kujolang.ai/ecosystem/lens/,https://kujolang.ai/images/lens-browser-inspection-3fbe386ada33.webp,images/lens-browser-inspection-3fbe386ada33.webp,Featured image for Lens,1672,941,eager,webp,256430,True,
after,https://kujolang.ai/ecosystem/lens/,https://kujolang.ai/assets/images/kujo-logomark.svg,assets/images/kujo-logomark.svg,,24,24,,svg,895,True,
after,https://kujolang.ai/ecosystem/mcp/,https://kujolang.ai/assets/images/kujo-logomark.svg,assets/images/kujo-logomark.svg,,28,28,,svg,895,True,
after,https://kujolang.ai/ecosystem/mcp/,https://kujolang.ai/images/mcp-tool-connectors-3162b501143b.webp,images/mcp-tool-connectors-3162b501143b.webp,Featured image for MCP,1672,941,eager,webp,267974,True,
after,https://kujolang.ai/ecosystem/mcp/,https://kujolang.ai/assets/images/kujo-logomark.svg,assets/images/kujo-logomark.svg,,24,24,,svg,895,True,
after,https://kujolang.ai/ecosystem/muzzle/,https://kujolang.ai/assets/images/kujo-logomark.svg,assets/images/kujo-logomark.svg,,28,28,,svg,895,True,
after,https://kujolang.ai/ecosystem/muzzle/,https://kujolang.ai/images/muzzle-bounded-workflow-b64c77bed619.webp,images/muzzle-bounded-workflow-b64c77bed619.webp,Featured image for Muzzle,1672,941,eager,webp,280582,True,
after,https://kujolang.ai/ecosystem/muzzle/,https://kujolang.ai/assets/images/kujo-logomark.svg,assets/images/kujo-logomark.svg,,24,24,,svg,895,True,
after,https://kujolang.ai/ecosystem/packwrite/,https://kujolang.ai/assets/images/kujo-logomark.svg,assets/images/kujo-logomark.svg,,28,28,,svg,895,True,
after,https://kujolang.ai/ecosystem/packwrite/,https://kujolang.ai/images/packwrite-execution-pack-e49dce8f84fe.webp,images/packwrite-execution-pack-e49dce8f84fe.webp,Featured image for PackWrite,1672,941,eager,webp,203432,True,
after,https://kujolang.ai/ecosystem/packwrite/,https://kujolang.ai/assets/images/kujo-logomark.svg,assets/images/kujo-logomark.svg,,24,24,,svg,895,True,
after,https://kujolang.ai/ecosystem/patchbrief/,https://kujolang.ai/assets/images/kujo-logomark.svg,assets/images/kujo-logomark.svg,,28,28,,svg,895,True,
after,https://kujolang.ai/ecosystem/patchbrief/,https://kujolang.ai/images/patchbrief-diff-handoff-aeab19600b0f.webp,images/patchbrief-diff-handoff-aeab19600b0f.webp,Featured image for PatchBrief,1672,941,eager,webp,263950,True,
after,https://kujolang.ai/ecosystem/patchbrief/,https://kujolang.ai/assets/images/kujo-logomark.svg,assets/images/kujo-logomark.svg,,24,24,,svg,895,True,
after,https://kujolang.ai/ecosystem/rag/,https://kujolang.ai/assets/images/kujo-logomark.svg,assets/images/kujo-logomark.svg,,28,28,,svg,895,True,
after,https://kujolang.ai/ecosystem/rag/,https://kujolang.ai/images/rag-knowledge-retrieval-1a78f38afccc.webp,images/rag-knowledge-retrieval-1a78f38afccc.webp,Featured image for RAG,1672,941,eager,webp,263842,True,
after,https://kujolang.ai/ecosystem/rag/,https://kujolang.ai/assets/images/kujo-logomark.svg,assets/images/kujo-logomark.svg,,24,24,,svg,895,True,
after,https://kujolang.ai/ecosystem/redact/,https://kujolang.ai/assets/images/kujo-logomark.svg,assets/images/kujo-logomark.svg,,28,28,,svg,895,True,
after,https://kujolang.ai/ecosystem/redact/,https://kujolang.ai/images/redact-document-sanitization-174419135945.webp,images/redact-document-sanitization-174419135945.webp,Featured image for Redact,1672,941,eager,webp,250472,True,
after,https://kujolang.ai/ecosystem/redact/,https://kujolang.ai/assets/images/kujo-logomark.svg,assets/images/kujo-logomark.svg,,24,24,,svg,895,True,
after,https://kujolang.ai/ecosystem/relay/,https://kujolang.ai/assets/images/kujo-logomark.svg,assets/images/kujo-logomark.svg,,28,28,,svg,895,True,
after,https://kujolang.ai/ecosystem/relay/,https://kujolang.ai/images/relay-mission-orchestration-42814b17903e.webp,images/relay-mission-orchestration-42814b17903e.webp,Featured image for Relay,1916,821,eager,webp,260002,True,
after,https://kujolang.ai/ecosystem/relay/,https://kujolang.ai/assets/images/kujo-logomark.svg,assets/images/kujo-logomark.svg,,24,24,,svg,895,True,
after,https://kujolang.ai/ecosystem/runledger/,https://kujolang.ai/assets/images/kujo-logomark.svg,assets/images/kujo-logomark.svg,,28,28,,svg,895,True,
after,https://kujolang.ai/ecosystem/runledger/,https://kujolang.ai/images/runledger-run-receipts-8d64451f3e9d.webp,images/runledger-run-receipts-8d64451f3e9d.webp,Featured image for RunLedger,1672,941,eager,webp,177314,True,
after,https://kujolang.ai/ecosystem/runledger/,https://kujolang.ai/assets/images/kujo-logomark.svg,assets/images/kujo-logomark.svg,,24,24,,svg,895,True,
after,https://kujolang.ai/ecosystem/scent/,https://kujolang.ai/assets/images/kujo-logomark.svg,assets/images/kujo-logomark.svg,,28,28,,svg,895,True,
after,https://kujolang.ai/ecosystem/scent/,https://kujolang.ai/images/scent-context-fragments-a6eb7f34ffda.webp,images/scent-context-fragments-a6eb7f34ffda.webp,Featured image for Scent,1672,941,eager,webp,291898,True,
after,https://kujolang.ai/ecosystem/scent/,https://kujolang.ai/assets/images/kujo-logomark.svg,assets/images/kujo-logomark.svg,,24,24,,svg,895,True,
after,https://kujolang.ai/ecosystem/scout/,https://kujolang.ai/assets/images/kujo-logomark.svg,assets/images/kujo-logomark.svg,,28,28,,svg,895,True,
after,https://kujolang.ai/ecosystem/scout/,https://kujolang.ai/images/scout-codebase-map-21d37b516748.webp,images/scout-codebase-map-21d37b516748.webp,Featured image for Scout,1672,941,eager,webp,243902,True,
after,https://kujolang.ai/ecosystem/scout/,https://kujolang.ai/assets/images/kujo-logomark.svg,assets/images/kujo-logomark.svg,,24,24,,svg,895,True,
after,https://kujolang.ai/ecosystem/shipcheck/,https://kujolang.ai/assets/images/kujo-logomark.svg,assets/images/kujo-logomark.svg,,28,28,,svg,895,True,
after,https://kujolang.ai/ecosystem/shipcheck/,https://kujolang.ai/images/shipcheck-release-containers-6dd88086a094.webp,images/shipcheck-release-containers-6dd88086a094.webp,Featured image for ShipCheck,1916,821,eager,webp,261420,True,
after,https://kujolang.ai/ecosystem/shipcheck/,https://kujolang.ai/assets/images/kujo-logomark.svg,assets/images/kujo-logomark.svg,,24,24,,svg,895,True,
after,https://kujolang.ai/ecosystem/sitekit/,https://kujolang.ai/assets/images/kujo-logomark.svg,assets/images/kujo-logomark.svg,,28,28,,svg,895,True,
after,https://kujolang.ai/ecosystem/sitekit/,https://kujolang.ai/images/sitekit-interface-system-7b063362e496.webp,images/sitekit-interface-system-7b063362e496.webp,Featured image for SiteKit,1916,821,eager,webp,211286,True,
after,https://kujolang.ai/ecosystem/sitekit/,https://kujolang.ai/assets/images/kujo-logomark.svg,assets/images/kujo-logomark.svg,,24,24,,svg,895,True,
after,https://kujolang.ai/ecosystem/spec/,https://kujolang.ai/assets/images/kujo-logomark.svg,assets/images/kujo-logomark.svg,,28,28,,svg,895,True,
after,https://kujolang.ai/ecosystem/spec/,https://kujolang.ai/images/spec-task-contracts-43741e470860.webp,images/spec-task-contracts-43741e470860.webp,Featured image for Spec,1672,941,eager,webp,212192,True,
after,https://kujolang.ai/ecosystem/spec/,https://kujolang.ai/assets/images/kujo-logomark.svg,assets/images/kujo-logomark.svg,,24,24,,svg,895,True,
after,https://kujolang.ai/ecosystem/ssg/,https://kujolang.ai/assets/images/kujo-logomark.svg,assets/images/kujo-logomark.svg,,28,28,,svg,895,True,
after,https://kujolang.ai/ecosystem/ssg/,https://kujolang.ai/images/ssg-static-sites-db4a1b6844d0.webp,images/ssg-static-sites-db4a1b6844d0.webp,Featured image for SSG,1672,941,eager,webp,243902,True,
after,https://kujolang.ai/ecosystem/ssg/,https://kujolang.ai/assets/images/kujo-logomark.svg,assets/images/kujo-logomark.svg,,24,24,,svg,895,True,
after,https://kujolang.ai/ecosystem/totalrecall/,https://kujolang.ai/assets/images/kujo-logomark.svg,assets/images/kujo-logomark.svg,,28,28,,svg,895,True,
after,https://kujolang.ai/ecosystem/totalrecall/,https://kujolang.ai/images/totalrecall-global-memory-97c41526d9ee.webp,images/totalrecall-global-memory-97c41526d9ee.webp,Featured image for TotalRecall,1536,1024,eager,webp,280062,True,
after,https://kujolang.ai/ecosystem/totalrecall/,https://kujolang.ai/assets/images/kujo-logomark.svg,assets/images/kujo-logomark.svg,,24,24,,svg,895,True,
after,https://kujolang.ai/ecosystem/tribunal/,https://kujolang.ai/assets/images/kujo-logomark.svg,assets/images/kujo-logomark.svg,,28,28,,svg,895,True,
after,https://kujolang.ai/ecosystem/tribunal/,https://kujolang.ai/images/tribunal-adversarial-hearing-3968b39e2678.webp,images/tribunal-adversarial-hearing-3968b39e2678.webp,Featured image for Tribunal,1916,821,eager,webp,340682,True,
after,https://kujolang.ai/ecosystem/tribunal/,https://kujolang.ai/assets/images/kujo-logomark.svg,assets/images/kujo-logomark.svg,,24,24,,svg,895,True,
after,https://kujolang.ai/ecosystem/ward/,https://kujolang.ai/assets/images/kujo-logomark.svg,assets/images/kujo-logomark.svg,,28,28,,svg,895,True,
after,https://kujolang.ai/ecosystem/ward/,https://kujolang.ai/images/ward-security-command-center-d9cf040edd51.webp,images/ward-security-command-center-d9cf040edd51.webp,Featured image for Ward,1672,941,eager,webp,243974,True,
after,https://kujolang.ai/ecosystem/ward/,https://kujolang.ai/assets/images/kujo-logomark.svg,assets/images/kujo-logomark.svg,,24,24,,svg,895,True,
after,https://kujolang.ai/ecosystem/watchdog/,https://kujolang.ai/assets/images/kujo-logomark.svg,assets/images/kujo-logomark.svg,,28,28,,svg,895,True,
after,https://kujolang.ai/ecosystem/watchdog/,https://kujolang.ai/images/watchdog-telemetry-alert-c8fd7a9867a7.webp,images/watchdog-telemetry-alert-c8fd7a9867a7.webp,Featured image for Watchdog,1672,941,eager,webp,285202,True,
after,https://kujolang.ai/ecosystem/watchdog/,https://kujolang.ai/assets/images/kujo-logomark.svg,assets/images/kujo-logomark.svg,,24,24,,svg,895,True,
after,https://kujolang.ai/ecosystem/workcell/,https://kujolang.ai/assets/images/kujo-logomark.svg,assets/images/kujo-logomark.svg,,28,28,,svg,895,True,
after,https://kujolang.ai/ecosystem/workcell/,https://kujolang.ai/images/workcell-contained-execution-4614f50747e5.webp,images/workcell-contained-execution-4614f50747e5.webp,Featured image for Workcell,1916,821,eager,webp,325224,True,
after,https://kujolang.ai/ecosystem/workcell/,https://kujolang.ai/assets/images/kujo-logomark.svg,assets/images/kujo-logomark.svg,,24,24,,svg,895,True,
